LGD2014NAME,2015 Default Urban/Rural,SOA2001,SOA2001_name,"Multiple Deprivation Measure Rank 
(where 1 is most deprived)","Income Domain Rank 
(where 1 is most deprived)",Employment Domain Rank (where 1 is most deprived),Health Deprivation and Disability Domain Rank (where 1 is most deprived),"Education, Skills and Training Domain Rank (where 1 is most deprived)",Access to Services Domain Rank (where 1 is most deprived),Living Environment Domain Rank (where 1 is most deprived),Crime and Disorder Domain Rank (where 1 is most deprived),...13
Antrim and Newtownabbey,Rural,95AA01S1,Aldergrove_1,516,790,888,890,254,17,75,874,NA
Antrim and Newtownabbey,Mixed urban/rural,95AA01S2,Aldergrove_2,749,737,740,719,749,158,761,863,NA
Antrim and Newtownabbey,Mixed urban/rural,95AA01S3,Aldergrove_3,658,573,661,718,690,150,419,748,NA
Antrim and Newtownabbey,Urban,95AA02W1,Balloo,439,734,337,245,252,519,655,149,NA
Antrim and Newtownabbey,Urban,95AA03W1,Ballycraigy,259,313,255,166,251,366,728,166,NA
Antrim and Newtownabbey,Mixed urban/rural,95AA04W1,Clady,594,446,734,777,719,82,396,547,NA
Antrim and Newtownabbey,Mixed urban/rural,95AA05W1,Cranfield,613,514,571,562,774,144,641,754,NA
Antrim and Newtownabbey,Mixed urban/rural,95AA06S1,Crumlin_1,574,736,497,336,476,294,857,269,NA
Antrim and Newtownabbey,Urban,95AA06S2,Crumlin_2,565,645,485,398,390,388,866,275,NA
Antrim and Newtownabbey,Mixed urban/rural,95AA07W1,Drumanaway,569,440,585,574,573,201,494,563,NA
Antrim and Newtownabbey,Urban,95AA08W1,Farranshane,178,329,158,148,138,300,760,77,NA
Antrim and Newtownabbey,Urban,95AA09W1,Fountain Hill,330,370,259,317,215,513,786,240,NA
Antrim and Newtownabbey,Urban,95AA10W1,Greystone,285,473,220,252,243,406,827,32,NA
Antrim and Newtownabbey,Urban,95AA11S1,Massereene_1,670,794,630,418,479,571,801,153,NA
Antrim and Newtownabbey,Urban,95AA11S2,Massereene_2,801,833,815,668,596,463,797,421,NA
Antrim and Newtownabbey,Rural,95AA12W1,Parkgate,706,593,829,856,808,84,719,660,NA
Antrim and Newtownabbey,Mixed urban/rural,95AA13S1,Randalstown_1,643,783,579,522,514,312,370,341,NA
Antrim and Newtownabbey,Urban,95AA13S2,Randalstown_2,676,755,548,433,524,487,759,442,NA
Antrim and Newtownabbey,Rural,95AA14W1,Shilvodan,604,656,761,754,739,19,407,836,NA
Antrim and Newtownabbey,Urban,95AA15S1,Springfarm_1,623,641,652,441,370,436,877,246,NA
Antrim and Newtownabbey,Urban,95AA15S2,Springfarm_2,247,390,305,242,89,325,418,231,NA
Antrim and Newtownabbey,Urban,95AA16W1,Steeple,308,597,287,179,76,682,748,209,NA
Antrim and Newtownabbey,Urban,95AA17W1,Stiles,420,630,325,285,211,548,776,189,NA
Antrim and Newtownabbey,Rural,95AA18W1,Templepatrick,758,759,700,797,803,263,340,558,NA
Antrim and Newtownabbey,Rural,95AA19W1,Toome,437,504,386,445,465,131,214,631,NA
Ards and North Down,Rural,95BB01S1,Ballygowan_1,744,600,776,825,644,230,710,850,NA
Ards and North Down,Rural,95BB01S2,Ballygowan_2,701,655,714,608,635,299,444,637,NA
Ards and North Down,Mixed urban/rural,95BB02W1,Ballyrainey,240,287,180,261,210,370,690,271,NA
Ards and North Down,Rural,95BB03S1,Ballywalter_1,223,193,206,338,218,220,878,411,NA
Ards and North Down,Rural,95BB03S2,Ballywalter_2,374,209,466,587,339,187,580,468,NA
Ards and North Down,Urban,95BB04S1,Bradshaw's Brae_1,467,602,383,406,321,582,293,115,NA
Ards and North Down,Mixed urban/rural,95BB04S2,Bradshaw's Brae_2,743,631,803,810,845,304,144,716,NA
Ards and North Down,Rural,95BB05S1,Carrowdore_1,506,333,573,688,683,120,198,742,NA
Ards and North Down,Rural,95BB05S2,Carrowdore_2,548,579,446,565,539,152,625,487,NA
Ards and North Down,Urban,95BB06W1,Central,99,62,148,159,107,770,387,55,NA
Ards and North Down,Urban,95BB07S1,Comber East_1,325,260,330,294,271,698,646,121,NA
Ards and North Down,Urban,95BB07S2,Comber East_2,696,575,660,626,634,382,534,611,NA
Ards and North Down,Urban,95BB08S1,Comber North_1,303,688,247,220,59,558,852,263,NA
Ards and North Down,Urban,95BB08S2,Comber North_2,741,601,799,759,569,291,642,880,NA
Ards and North Down,Mixed urban/rural,95BB09S1,Comber West_1,704,407,783,827,804,387,383,603,NA
Ards and North Down,Urban,95BB09S2,Comber West_2,795,636,807,828,791,433,376,789,NA
Ards and North Down,Urban,95BB10S1,Donaghadee North_1,508,384,373,486,623,790,447,127,NA
Ards and North Down,Mixed urban/rural,95BB10S2,Donaghadee North_2,750,609,791,853,790,243,389,704,NA
Ards and North Down,Urban,95BB11S1,Donaghadee South_1,199,203,161,249,163,338,880,478,NA
Ards and North Down,Urban,95BB11S2,Donaghadee South_2,597,552,465,466,385,639,683,641,NA
Ards and North Down,Urban,95BB12S1,Glen_1,97,75,167,173,45,712,240,138,NA
Ards and North Down,Urban,95BB12S2,Glen_2,683,455,687,808,654,309,720,452,NA
Ards and North Down,Urban,95BB13S1,Gregstown_1,339,150,357,490,401,430,889,326,NA
Ards and North Down,Urban,95BB13S2,Gregstown_2,345,335,285,325,169,748,703,432,NA
Ards and North Down,Urban,95BB13S3,Gregstown_3,721,662,675,660,469,439,839,711,NA
Ards and North Down,Rural,95BB14S1,Killinchy_1,564,487,825,855,831,35,60,887,NA
Ards and North Down,Rural,95BB14S2,Killinchy_2,719,620,838,861,814,109,438,765,NA
Ards and North Down,Rural,95BB15S1,Kircubbin_1,448,318,525,597,505,103,292,759,NA
Ards and North Down,Rural,95BB15S2,Kircubbin_2,263,168,336,357,255,272,723,200,NA
Ards and North Down,Mixed urban/rural,95BB16S1,Lisbane_1,770,758,839,847,838,151,289,830,NA
Ards and North Down,Mixed urban/rural,95BB16S2,Lisbane_2,698,483,861,874,872,212,139,824,NA
Ards and North Down,Urban,95BB17S1,Loughries_1,501,389,500,362,333,496,787,570,NA
Ards and North Down,Mixed urban/rural,95BB17S2,Loughries_2,524,507,512,524,308,270,594,502,NA
Ards and North Down,Rural,95BB18S1,Millisle_1,306,274,341,275,190,349,843,300,NA
Ards and North Down,Mixed urban/rural,95BB18S2,Millisle_2,635,343,747,786,541,236,851,794,NA
Ards and North Down,Urban,95BB19S1,Movilla_1,528,503,457,504,224,670,605,463,NA
Ards and North Down,Urban,95BB19S2,Movilla_2,765,497,801,769,775,457,547,718,NA
Ards and North Down,Urban,95BB19S3,Movilla_3,850,778,837,686,695,573,550,872,NA
Ards and North Down,Rural,95BB20S1,Portaferry_1,402,412,350,419,398,133,631,517,NA
Ards and North Down,Rural,95BB20S2,Portaferry_2,219,564,103,139,246,290,554,389,NA
Ards and North Down,Rural,95BB21S1,Portavogie_1,225,226,218,276,208,203,763,414,NA
Ards and North Down,Rural,95BB21S2,Portavogie_2,472,457,445,438,419,157,691,545,NA
Ards and North Down,Urban,95BB22S1,Scrabo_1,231,229,333,287,116,293,330,307,NA
Ards and North Down,Urban,95BB22S2,Scrabo_2,71,41,83,162,79,424,798,201,NA
Ards and North Down,Urban,95BB23S1,Whitespots_1,803,726,779,776,732,699,279,466,NA
Ards and North Down,Urban,95BB23S2,Whitespots_2,828,864,810,730,600,522,421,797,NA
"Armagh City, Banbridge and Craigavon",Urban,95CC01W1,Abbey Park,424,451,353,315,362,442,425,391,NA
"Armagh City, Banbridge and Craigavon",Rural,95CC02W1,Ballymartrim,498,305,590,651,659,102,369,728,NA
"Armagh City, Banbridge and Craigavon",Urban,95CC03W1,Callan Bridge,61,38,98,121,97,716,92,69,NA
"Armagh City, Banbridge and Craigavon",Rural,95CC04W1,Carrigatuke,273,93,452,576,686,100,151,670,NA
"Armagh City, Banbridge and Craigavon",Rural,95CC05W1,Charlemont,403,195,559,545,627,135,215,690,NA
"Armagh City, Banbridge and Craigavon",Urban,95CC06S1,Demesne_1,718,745,678,724,762,333,242,371,NA
"Armagh City, Banbridge and Craigavon",Urban,95CC06S2,Demesne_2,521,485,387,432,502,450,717,311,NA
"Armagh City, Banbridge and Craigavon",Rural,95CC07W1,Derrynoose,212,46,417,569,664,54,694,522,NA
"Armagh City, Banbridge and Craigavon",Urban,95CC08W1,Downs,288,197,273,262,368,603,528,239,NA
"Armagh City, Banbridge and Craigavon",Rural,95CC09S1,Hamiltonsbawn_1,657,528,757,815,810,125,170,820,NA
"Armagh City, Banbridge and Craigavon",Rural,95CC09S2,Hamiltonsbawn_2,651,567,688,728,563,156,460,771,NA
"Armagh City, Banbridge and Craigavon",Rural,95CC10W1,Hockley,680,683,728,748,673,110,382,673,NA
"Armagh City, Banbridge and Craigavon",Rural,95CC11W1,Keady,125,22,227,320,326,410,278,277,NA
"Armagh City, Banbridge and Craigavon",Rural,95CC12W1,Killeen,443,248,549,635,604,113,317,708,NA
"Armagh City, Banbridge and Craigavon",Rural,95CC13W1,Killylea,432,266,550,550,647,89,281,752,NA
"Armagh City, Banbridge and Craigavon",Rural,95CC14W1,Laurelvale,588,541,613,517,460,260,362,695,NA
"Armagh City, Banbridge and Craigavon",Rural,95CC15W1,Loughgall,505,300,620,537,615,137,431,865,NA
"Armagh City, Banbridge and Craigavon",Rural,95CC16W1,Markethill,310,139,385,359,425,237,733,484,NA
"Armagh City, Banbridge and Craigavon",Rural,95CC17W1,Milford,600,482,676,689,721,166,163,554,NA
"Armagh City, Banbridge and Craigavon",Urban,95CC18W1,Observatory,426,217,404,478,609,414,455,490,NA
"Armagh City, Banbridge and Craigavon",Rural,95CC19W1,Poyntz Pass,294,131,423,568,504,101,267,591,NA
"Armagh City, Banbridge and Craigavon",Rural,95CC20S1,Rich Hill_1,786,798,735,642,706,283,805,854,NA
"Armagh City, Banbridge and Craigavon",Rural,95CC20S2,Rich Hill_2,637,643,496,493,568,372,459,772,NA
"Armagh City, Banbridge and Craigavon",Rural,95CC21W1,Tandragee,353,185,455,448,312,316,713,364,NA
"Armagh City, Banbridge and Craigavon",Urban,95CC22W1,The Mall,269,156,320,391,292,714,83,356,NA
Mid and East Antrim,Urban,95DD01W1,Academy,681,447,600,714,777,422,557,565,NA
Mid and East Antrim,Rural,95DD02S1,Ahoghill_1,598,811,461,488,392,281,503,564,NA
Mid and East Antrim,Rural,95DD02S2,Ahoghill_2,778,795,772,691,677,241,621,805,NA
Mid and East Antrim,Urban,95DD03W1,Ardeevin,817,797,828,817,650,324,815,553,NA
Mid and East Antrim,Urban,95DD04W1,Ballee,85,146,85,103,41,629,590,106,NA
Mid and East Antrim,Urban,95DD05W1,Ballykeel,110,55,144,187,177,421,464,182,NA
Mid and East Antrim,Urban,95DD06W1,Ballyloughan,874,884,842,821,788,451,608,768,NA
Mid and East Antrim,Rural,95DD07S1,Broughshane_1,691,572,651,601,592,409,517,700,NA
Mid and East Antrim,Rural,95DD07S2,Broughshane_2,717,624,642,640,709,319,855,636,NA
Mid and East Antrim,Urban,95DD08W1,Castle Demesne,183,171,314,247,94,751,120,52,NA
Mid and East Antrim,Rural,95DD09W1,Craigywarren,590,403,756,812,827,132,84,764,NA
Mid and East Antrim,Rural,95DD10W1,Cullybackey,538,682,397,423,380,360,560,390,NA
Mid and East Antrim,Urban,95DD11W1,Dunclug,154,181,186,177,96,556,427,89,NA
Mid and East Antrim,Rural,95DD12W1,Dunminning,591,472,706,772,701,121,112,867,NA
Mid and East Antrim,Urban,95DD13W1,Fair Green,222,126,222,346,223,777,337,349,NA
Mid and East Antrim,Mixed urban/rural,95DD14S1,Galgorm_1,794,820,751,693,750,342,484,779,NA
Mid and East Antrim,Mixed urban/rural,95DD14S2,Galgorm_2,869,782,881,878,873,350,738,809,NA
Mid and East Antrim,Rural,95DD15W1,Glenravel,679,626,670,795,718,92,645,841,NA
Mid and East Antrim,Rural,95DD16W1,Glenwhirry,642,555,805,805,776,71,201,838,NA
Mid and East Antrim,Rural,95DD17W1,Grange,648,591,708,787,784,49,639,845,NA
Mid and East Antrim,Urban,95DD18W1,Harryville,228,235,311,328,156,630,106,61,NA
Mid and East Antrim,Rural,95DD19S1,Kells_1,518,581,492,371,337,256,858,435,NA
Mid and East Antrim,Rural,95DD19S2,Kells_2,692,536,739,742,764,197,355,798,NA
Mid and East Antrim,Urban,95DD20W1,Moat,91,90,99,127,95,722,491,79,NA
Mid and East Antrim,Urban,95DD21W1,Park,537,320,705,656,404,738,71,373,NA
Mid and East Antrim,Rural,95DD22S1,Portglenone_1,596,527,608,628,633,149,493,459,NA
Mid and East Antrim,Rural,95DD22S2,Portglenone_2,342,154,433,422,489,195,674,632,NA
Mid and East Antrim,Rural,95DD23W1,Slemish,484,276,742,794,811,34,221,737,NA
Mid and East Antrim,Urban,95DD24W1,Summerfield,734,846,581,579,543,452,835,582,NA
Causeway Coast and Glens,Rural,95EE01W1,Ballyhoe and Corkey,387,358,506,542,525,13,593,757,NA
Causeway Coast and Glens,Rural,95EE02W1,Benvardin,382,297,378,479,309,219,666,424,NA
Causeway Coast and Glens,Urban,95EE03W1,Carnany,302,279,174,314,302,535,814,512,NA
Causeway Coast and Glens,Rural,95EE04W1,Clogh Mills,483,337,564,468,459,176,495,703,NA
Causeway Coast and Glens,Rural,95EE05W1,Dervock,349,180,507,527,439,217,105,572,NA
Causeway Coast and Glens,Rural,95EE06W1,Dunloy,581,582,632,581,643,68,435,875,NA
Causeway Coast and Glens,Urban,95EE07W1,Fairhill,488,502,338,340,411,506,584,585,NA
Causeway Coast and Glens,Urban,95EE08W1,Glebe,677,717,464,508,678,732,377,342,NA
Causeway Coast and Glens,Rural,95EE09W1,Killoquin Lower,546,520,516,544,503,204,230,819,NA
Causeway Coast and Glens,Rural,95EE10W1,Killoquin Upper,566,588,627,687,350,167,244,633,NA
Causeway Coast and Glens,Rural,95EE11W1,Knockaholet,575,603,659,737,691,70,86,799,NA
Causeway Coast and Glens,Urban,95EE12W1,Newhill,204,118,232,243,172,553,816,578,NA
Causeway Coast and Glens,Urban,95EE13W1,Route,197,147,132,265,384,696,269,261,NA
Causeway Coast and Glens,Mixed urban/rural,95EE14W1,Seacon,533,499,436,470,464,279,650,593,NA
Causeway Coast and Glens,Rural,95EE15W1,Stranocum,552,460,569,667,616,105,386,744,NA
Causeway Coast and Glens,Rural,95EE16W1,The Vow,444,290,576,625,584,58,441,766,NA
"Armagh City, Banbridge and Craigavon",Urban,95FF01S1,Ballydown_1,806,708,719,704,757,510,813,675,NA
"Armagh City, Banbridge and Craigavon",Urban,95FF01S2,Ballydown_2,805,670,798,785,730,399,861,626,NA
"Newry, Mourne and Down",Rural,95FF02W1,Ballyward,233,109,498,617,513,4,481,706,NA
"Armagh City, Banbridge and Craigavon",Urban,95FF03W1,Banbridge West,430,388,413,354,267,458,794,372,NA
"Armagh City, Banbridge and Craigavon",Rural,95FF04W1,Bannside,411,228,643,716,760,18,458,735,NA
"Armagh City, Banbridge and Craigavon",Urban,95FF05W1,Dromore North,502,359,458,446,351,543,779,509,NA
"Armagh City, Banbridge and Craigavon",Urban,95FF06S1,Dromore South_1,785,686,712,619,687,596,742,617,NA
"Armagh City, Banbridge and Craigavon",Mixed urban/rural,95FF06S2,Dromore South_2,797,729,794,792,736,250,834,846,NA
"Armagh City, Banbridge and Craigavon",Urban,95FF07W1,Edenderry,224,357,170,145,182,648,775,132,NA
"Armagh City, Banbridge and Craigavon",Urban,95FF08W1,Fort,503,638,307,393,383,561,777,230,NA
"Armagh City, Banbridge and Craigavon",Rural,95FF09W1,Gilford,347,360,345,302,289,284,509,294,NA
"Armagh City, Banbridge and Craigavon",Rural,95FF10W1,Gransha,520,286,674,722,667,64,791,840,NA
"Armagh City, Banbridge and Craigavon",Rural,95FF11W1,Katesbridge,449,263,662,732,651,33,411,843,NA
"Armagh City, Banbridge and Craigavon",Rural,95FF12W1,Lawrencetown,496,441,463,439,601,193,457,383,NA
"Armagh City, Banbridge and Craigavon",Rural,95FF13W1,Loughbrickland,485,346,501,507,538,200,582,388,NA
"Armagh City, Banbridge and Craigavon",Rural,95FF14W1,Quilly,639,493,691,793,821,98,347,817,NA
"Armagh City, Banbridge and Craigavon",Rural,95FF15W1,Rathfriland,328,231,332,311,288,440,704,433,NA
"Armagh City, Banbridge and Craigavon",Urban,95FF16W1,Seapatrick,672,621,490,604,731,423,682,409,NA
"Armagh City, Banbridge and Craigavon",Urban,95FF17W1,The Cut,120,190,119,130,184,763,69,15,NA
Belfast,Urban,95GG01S1,Andersonstown_1,388,786,159,143,387,867,505,408,NA
Belfast,Urban,95GG01S2,Andersonstown_2,198,590,110,111,228,755,76,112,NA
Belfast,Urban,95GG01S3,Andersonstown_3,320,439,226,151,295,869,262,331,NA
Belfast,Urban,95GG02S1,Ardoyne_1,16,29,19,19,58,814,78,74,NA
Belfast,Urban,95GG02S2,Ardoyne_2,4,8,15,12,39,827,66,108,NA
Belfast,Urban,95GG02S3,Ardoyne_3,9,67,12,6,19,804,87,16,NA
Belfast,Urban,95GG03S1,Ballyhackamore_1,811,813,784,671,835,853,142,394,NA
Belfast,Urban,95GG03S2,Ballyhackamore_2,823,777,775,766,798,890,209,370,NA
Belfast,Urban,95GG03S3,Ballyhackamore_3,601,646,591,473,364,700,254,233,NA
Belfast,Urban,95GG04S1,Ballymacarrett_1,95,255,91,52,48,642,512,83,NA
Belfast,Urban,95GG04S2,Ballymacarrett_2,78,474,60,33,25,855,276,31,NA
Belfast,Urban,95GG04S3,Ballymacarrett_3,40,80,64,43,17,801,335,53,NA
Belfast,Urban,95GG05S1,Ballynafeigh_1,579,743,486,430,684,847,31,154,NA
Belfast,Urban,95GG05S2,Ballynafeigh_2,652,784,743,634,313,868,39,303,NA
Belfast,Urban,95GG05S3,Ballynafeigh_3,270,251,405,284,151,882,147,88,NA
Belfast,Urban,95GG06S1,Ballysillan_1,109,138,193,144,47,787,68,84,NA
Belfast,Urban,95GG06S2,Ballysillan_2,268,543,224,205,146,766,63,234,NA
Belfast,Urban,95GG06S3,Ballysillan_3,433,463,359,281,270,676,616,367,NA
Belfast,Urban,95GG07S1,Beechmount_1,121,674,70,55,132,744,4,80,NA
Belfast,Urban,95GG07S2,Beechmount_2,66,188,54,37,66,878,29,210,NA
Belfast,Urban,95GG07S3,Beechmount_3,181,508,113,99,162,796,111,91,NA
Belfast,Urban,95GG08S1,Bellevue_1,570,458,470,494,588,565,476,274,NA
Belfast,Urban,95GG08S2,Bellevue_2,123,101,155,157,127,703,177,160,NA
Belfast,Urban,95GG08S3,Bellevue_3,315,292,290,271,204,656,830,186,NA
Belfast,Urban,95GG09S1,Belmont_1,890,882,875,859,866,631,841,792,NA
Belfast,Urban,95GG09S2,Belmont_2,747,841,618,531,508,569,770,652,NA
Belfast,Urban,95GG09S3,Belmont_3,401,637,358,227,170,574,516,260,NA
Belfast,Urban,95GG10S1,Blackstaff_1,58,35,213,186,22,500,8,212,NA
Belfast,Urban,95GG10S2,Blackstaff_2,102,141,215,133,36,641,54,71,NA
Belfast,Urban,95GG11S1,Bloomfield_1,139,218,234,165,60,794,34,48,NA
Belfast,Urban,95GG11S2,Bloomfield_2,656,644,586,554,671,843,67,337,NA
Belfast,Urban,95GG11S3,Bloomfield_3,215,240,302,259,143,851,56,87,NA
Belfast,Urban,95GG12S1,Botanic_1,580,375,851,850,833,833,2,70,NA
Belfast,Urban,95GG12S2,Botanic_2,457,505,883,811,241,687,1,11,NA
Belfast,Urban,95GG12S3,Botanic_3,481,481,856,775,303,815,11,4,NA
Belfast,Urban,95GG12S4,Botanic_4,189,107,588,246,120,786,14,105,NA
Belfast,Urban,95GG12S5,Botanic_5,79,221,149,58,44,713,27,13,NA
Belfast,Urban,95GG13S1,Castleview_1,119,165,111,155,91,661,157,142,NA
Belfast,Urban,95GG13S2,Castleview_2,711,607,709,615,805,651,97,523,NA
Belfast,Urban,95GG13S3,Castleview_3,463,589,342,256,334,702,578,247,NA
Belfast,Urban,95GG14S1,Cavehill_1,819,865,768,749,755,541,601,241,NA
Belfast,Urban,95GG14S2,Cavehill_2,736,517,778,844,844,550,231,335,NA
Belfast,Urban,95GG14S3,Cavehill_3,848,885,780,782,778,441,868,329,NA
Belfast,Urban,95GG15S1,Cherryvalley_1,873,877,867,849,883,602,167,886,NA
Belfast,Urban,95GG15S2,Cherryvalley_2,885,824,865,831,868,829,496,602,NA
Belfast,Urban,95GG15S3,Cherryvalley_3,640,775,427,457,394,740,669,460,NA
Belfast,Urban,95GG16S1,Chichester Park_1,122,196,153,116,141,848,12,60,NA
Belfast,Urban,95GG16S2,Chichester Park_2,377,549,242,234,421,870,178,122,NA
Belfast,Urban,95GG16S3,Chichester Park_3,559,721,476,403,400,578,180,282,NA
Belfast,Urban,95GG17S1,Cliftonville_1,98,161,75,74,183,638,109,100,NA
Belfast,Urban,95GG17S2,Cliftonville_2,515,725,361,334,580,888,55,202,NA
Belfast,Urban,95GG17S3,Cliftonville_3,150,219,120,96,129,864,398,155,NA
Belfast,Urban,95GG18S1,Clonard_1,50,73,49,41,101,737,100,131,NA
Belfast,Urban,95GG18S2,Clonard_2,55,293,46,15,73,885,40,14,NA
Belfast,Urban,95GG19S1,Crumlin_1,24,34,25,34,20,667,422,218,NA
Belfast,Urban,95GG19S2,Crumlin_2,21,30,56,20,10,749,168,68,NA
Belfast,Urban,95GG20S1,Duncairn_1,49,47,106,73,35,515,121,135,NA
Belfast,Urban,95GG20S2,Duncairn_2,53,44,78,89,56,760,360,43,NA
Belfast,Urban,95GG21S1,Falls_1,41,211,27,14,27,818,136,258,NA
Belfast,Urban,95GG21S2,Falls_2,30,233,36,7,9,875,79,2,NA
Belfast,Urban,95GG21S3,Falls_3,29,88,30,11,46,788,258,9,NA
Belfast,Urban,95GG22S1,Falls Park_1,297,692,212,244,293,873,33,25,NA
Belfast,Urban,95GG22S2,Falls Park_2,393,753,185,142,428,863,504,256,NA
Belfast,Urban,95GG22S3,Falls Park_3,338,650,197,140,340,874,306,191,NA
Belfast,Urban,95GG23S1,Finaghy_1,856,828,781,809,816,472,451,847,NA
Belfast,Urban,95GG23S2,Finaghy_2,854,858,764,713,875,877,259,457,NA
Belfast,Urban,95GG23S3,Finaghy_3,859,787,741,703,819,789,552,678,NA
Belfast,Urban,95GG24S1,Fortwilliam_1,685,855,418,405,797,856,266,360,NA
Belfast,Urban,95GG24S2,Fortwilliam_2,298,417,268,277,266,824,32,143,NA
Belfast,Urban,95GG24S3,Fortwilliam_3,611,699,480,464,630,779,89,293,NA
Belfast,Urban,95GG25S1,Glen Road_1,185,424,82,87,220,835,470,164,NA
Belfast,Urban,95GG25S2,Glen Road_2,267,526,160,132,300,819,96,340,NA
Belfast,Urban,95GG25S3,Glen Road_3,158,246,125,106,126,859,199,296,NA
Belfast,Urban,95GG26S1,Glencairn_1,87,353,84,102,15,332,237,219,NA
Belfast,Urban,95GG26S2,Glencairn_2,136,191,118,109,99,800,374,184,NA
Belfast,Mixed urban/rural,95GG27S1,Glencolin_1,391,853,209,215,353,355,305,309,NA
Belfast,Urban,95GG27S2,Glencolin_2,131,385,72,50,168,726,270,133,NA
Belfast,Urban,95GG27S3,Glencolin_3,162,471,88,71,109,708,681,150,NA
Belfast,Urban,95GG27S4,Glencolin_4,116,500,66,39,118,849,77,117,NA
Belfast,Urban,95GG28S1,Highfield_1,522,617,523,383,249,314,803,439,NA
Belfast,Urban,95GG28S2,Highfield_2,343,654,204,185,219,781,357,327,NA
Belfast,Urban,95GG28S3,Highfield_3,60,56,76,66,78,538,352,213,NA
Belfast,Urban,95GG29S1,Island_1,140,404,173,78,34,434,346,250,NA
Belfast,Urban,95GG29S2,Island_2,350,402,399,286,186,792,131,194,NA
Belfast,Urban,95GG30S1,Knock_1,384,547,249,279,283,526,325,398,NA
Belfast,Urban,95GG30S2,Knock_2,882,807,857,796,851,797,602,644,NA
Belfast,Urban,95GG30S3,Knock_3,841,776,745,676,745,721,725,537,NA
Belfast,Urban,95GG31S1,Ladybrook_1,763,851,598,420,578,785,873,615,NA
Belfast,Urban,95GG31S2,Ladybrook_2,368,613,236,196,194,807,736,313,NA
Belfast,Urban,95GG31S3,Ladybrook_3,76,201,63,60,53,813,304,63,NA
Belfast,Urban,95GG32S1,Legoniel_1,161,223,211,129,117,326,454,103,NA
Belfast,Urban,95GG32S2,Legoniel_2,88,111,80,101,121,782,251,92,NA
Belfast,Urban,95GG32S3,Legoniel_3,386,509,291,269,319,733,219,161,NA
Belfast,Urban,95GG33S1,Malone_1,849,868,871,885,881,606,93,467,NA
Belfast,Urban,95GG33S2,Malone_2,875,840,878,875,888,678,213,619,NA
Belfast,Urban,95GG33S3,Malone_3,773,792,860,860,886,821,6,347,NA
Belfast,Urban,95GG34S1,Musgrave_1,256,158,237,253,299,747,440,437,NA
Belfast,Urban,95GG34S2,Musgrave_2,757,860,635,551,785,803,169,332,NA
Belfast,Urban,95GG34S3,Musgrave_3,820,870,820,735,815,735,103,455,NA
Belfast,Urban,95GG35S1,New Lodge_1,25,250,9,10,18,707,114,22,NA
Belfast,Urban,95GG35S2,New Lodge_2,7,63,1,3,49,889,192,51,NA
Belfast,Urban,95GG35S3,New Lodge_3,32,162,37,18,1,881,107,65,NA
Belfast,Urban,95GG36S1,Orangefield_1,667,696,671,435,381,840,466,288,NA
Belfast,Urban,95GG36S2,Orangefield_2,834,779,770,638,712,825,442,667,NA
Belfast,Urban,95GG36S3,Orangefield_3,813,838,682,672,697,727,604,407,NA
Belfast,Urban,95GG37S1,Ravenhill_1,833,856,824,803,862,666,162,338,NA
Belfast,Urban,95GG37S2,Ravenhill_2,668,770,698,584,519,880,41,207,NA
Belfast,Urban,95GG37S3,Ravenhill_3,730,791,785,575,323,811,716,248,NA
Belfast,Urban,95GG38S1,Rosetta_1,846,671,818,778,860,623,643,503,NA
Belfast,Urban,95GG38S2,Rosetta_2,707,761,475,428,753,844,591,420,NA
Belfast,Urban,95GG38S3,Rosetta_3,881,883,831,801,870,852,339,656,NA
Belfast,Urban,95GG39S1,Shaftesbury_1,163,464,128,70,104,739,187,123,NA
Belfast,Urban,95GG39S2,Shaftesbury_2,146,438,146,68,72,769,275,39,NA
Belfast,Urban,95GG39S3,Shaftesbury_3,67,127,81,61,16,808,212,352,NA
Belfast,Urban,95GG40S1,Shankill_1,28,49,44,26,7,654,561,114,NA
Belfast,Urban,95GG40S2,Shankill_2,18,115,20,27,4,776,116,3,NA
Belfast,Urban,95GG41S1,Stormont_1,866,821,827,881,890,334,566,877,NA
Belfast,Urban,95GG41S2,Stormont_2,889,876,876,883,887,652,497,885,NA
Belfast,Urban,95GG41S3,Stormont_3,876,879,773,741,832,750,471,832,NA
Belfast,Urban,95GG42S1,Stranmillis_1,887,832,882,888,880,507,709,866,NA
Belfast,Urban,95GG42S2,Stranmillis_2,888,890,890,882,882,734,273,856,NA
Belfast,Urban,95GG42S3,Stranmillis_3,832,789,889,887,889,836,45,440,NA
Belfast,Urban,95GG42S4,Stranmillis_4,879,808,885,889,877,532,598,579,NA
Belfast,Urban,95GG43S1,Sydenham_1,318,690,195,149,171,474,510,599,NA
Belfast,Urban,95GG43S2,Sydenham_2,627,709,655,427,287,854,173,510,NA
Belfast,Urban,95GG43S3,Sydenham_3,456,633,453,309,232,768,108,252,NA
Belfast,Urban,95GG44S1,The Mount_1,80,282,134,79,8,791,152,17,NA
Belfast,Urban,95GG44S2,The Mount_2,64,145,138,88,6,841,61,54,NA
Belfast,Urban,95GG45S1,Upper Malone_1,843,866,843,870,878,415,200,532,NA
Belfast,Urban,95GG45S2,Upper Malone_2,159,477,116,95,51,646,208,443,NA
Belfast,Urban,95GG45S3,Upper Malone_3,720,735,538,529,708,673,542,470,NA
Belfast,Urban,95GG46S1,Upper Springfield_1,82,538,34,25,65,701,202,116,NA
Belfast,Urban,95GG46S2,Upper Springfield_2,77,605,39,29,77,498,25,141,NA
Belfast,Urban,95GG46S3,Upper Springfield_3,48,442,21,21,23,822,48,130,NA
Belfast,Urban,95GG47S1,Water Works_1,15,89,18,8,26,767,46,35,NA
Belfast,Urban,95GG47S2,Water Works_2,2,23,2,4,63,846,341,21,NA
Belfast,Urban,95GG47S3,Water Works_3,56,133,50,72,123,884,7,5,NA
Belfast,Urban,95GG48S1,Whiterock_1,74,132,86,49,154,883,19,46,NA
Belfast,Urban,95GG48S2,Whiterock_2,23,306,8,1,5,731,130,227,NA
Belfast,Urban,95GG48S3,Whiterock_3,35,322,17,5,29,872,20,146,NA
Belfast,Urban,95GG49S1,Windsor_1,822,802,859,804,847,876,94,298,NA
Belfast,Urban,95GG49S2,Windsor_2,790,788,868,780,796,887,44,272,NA
Belfast,Urban,95GG49S3,Windsor_3,482,342,806,592,409,805,3,145,NA
Belfast,Urban,95GG49S4,Windsor_4,556,693,832,506,359,871,5,73,NA
Belfast,Urban,95GG50S1,Woodstock_1,155,204,279,167,88,823,13,111,NA
Belfast,Urban,95GG50S2,Woodstock_2,128,265,154,76,52,879,303,86,NA
Belfast,Urban,95GG50S3,Woodstock_3,96,160,194,138,28,886,17,66,NA
Belfast,Urban,95GG51S1,Woodvale_1,8,7,45,47,2,610,368,37,NA
Belfast,Urban,95GG51S2,Woodvale_2,12,27,28,56,3,741,118,85,NA
Belfast,Urban,95GG51S3,Woodvale_3,17,12,41,53,12,809,132,177,NA
Mid and East Antrim,Rural,95HH01W1,Blackhead,605,606,505,594,408,297,848,486,NA
Mid and East Antrim,Urban,95HH02S1,Bluefield_1,766,805,754,727,486,320,629,831,NA
Mid and East Antrim,Urban,95HH02S2,Bluefield_2,810,741,755,746,771,321,865,825,NA
Mid and East Antrim,Urban,95HH03W1,Boneybefore,791,817,701,731,587,465,632,613,NA
Mid and East Antrim,Urban,95HH04S1,Burleigh Hill_1,774,861,732,561,705,336,429,816,NA
Mid and East Antrim,Urban,95HH04S2,Burleigh Hill_2,829,889,710,659,782,394,874,696,NA
Mid and East Antrim,Urban,95HH05W1,Clipperstown,286,448,239,190,159,511,679,223,NA
Mid and East Antrim,Mixed urban/rural,95HH06S1,Eden_1,752,767,802,750,585,239,518,616,NA
Mid and East Antrim,Urban,95HH06S2,Eden_2,617,544,566,477,480,369,784,550,NA
Mid and East Antrim,Urban,95HH07W1,Gortalee,276,298,243,230,157,608,781,403,NA
Mid and East Antrim,Urban,95HH08W1,Greenisland,783,812,758,684,522,391,773,639,NA
Mid and East Antrim,Urban,95HH09W1,Killycrot,252,435,172,221,148,709,633,110,NA
Mid and East Antrim,Urban,95HH10W1,Knockagh,865,862,849,788,839,353,845,592,NA
Mid and East Antrim,Urban,95HH11W1,Love Lane,173,553,95,134,54,594,824,157,NA
Mid and East Antrim,Urban,95HH12W1,Milebush,536,718,380,413,253,490,664,610,NA
Mid and East Antrim,Urban,95HH13W1,Northland,65,50,135,98,13,686,707,365,NA
Mid and East Antrim,Urban,95HH14W1,Sunnylands,230,454,171,163,83,810,699,221,NA
Mid and East Antrim,Urban,95HH15W1,Victoria,609,687,547,392,375,438,888,412,NA
Mid and East Antrim,Rural,95HH16W1,Whitehead,699,678,601,789,713,303,586,279,NA
Mid and East Antrim,Mixed urban/rural,95HH17W1,Woodburn,644,529,746,685,518,198,548,499,NA
Lisburn and Castlereagh,Urban,95II01S1,Ballyhanwood_1,784,720,753,670,723,373,573,743,NA
Lisburn and Castlereagh,Mixed urban/rural,95II01S2,Ballyhanwood_2,827,822,836,829,869,274,519,551,NA
Lisburn and Castlereagh,Urban,95II02S1,Beechill_1,853,859,787,761,858,286,872,860,NA
Lisburn and Castlereagh,Urban,95II02S2,Beechill_2,733,816,552,451,758,499,831,548,NA
Belfast,Urban,95II02S3,Beechill_3,549,694,312,248,642,593,732,465,NA
Lisburn and Castlereagh,Urban,95II03S1,Cairnshill_1,880,872,869,863,854,340,885,884,NA
Lisburn and Castlereagh,Urban,95II03S2,Cairnshill_2,845,880,872,833,717,566,174,577,NA
Lisburn and Castlereagh,Urban,95II04S1,Carrowreagh_1,860,869,835,774,700,407,884,674,NA
Lisburn and Castlereagh,Urban,95II04S2,Carrowreagh_2,511,561,435,305,225,664,726,697,NA
Lisburn and Castlereagh,Urban,95II05S1,Carryduff East_1,814,843,763,756,825,378,288,734,NA
Lisburn and Castlereagh,Urban,95II05S2,Carryduff East_2,725,732,515,480,734,627,689,698,NA
Lisburn and Castlereagh,Mixed urban/rural,95II06S1,Carryduff West_1,851,863,826,798,874,305,498,753,NA
Lisburn and Castlereagh,Urban,95II06S2,Carryduff West_2,872,848,808,791,768,604,714,647,NA
Belfast,Urban,95II07W1,Cregagh,241,666,188,131,80,812,228,283,NA
Belfast,Urban,95II08W1,Downshire,687,703,570,475,473,860,394,477,NA
Lisburn and Castlereagh,Urban,95II09S1,Dundonald_1,807,768,720,679,747,505,860,504,NA
Lisburn and Castlereagh,Urban,95II09S2,Dundonald_2,838,844,729,583,655,657,867,864,NA
Lisburn and Castlereagh,Urban,95II10W1,Enler,371,629,322,180,130,658,832,354,NA
Lisburn and Castlereagh,Urban,95II11W1,Galwally,883,886,812,800,834,671,833,569,NA
Belfast,Urban,95II12W1,Gilnahirk,877,878,840,802,829,828,210,818,NA
Lisburn and Castlereagh,Urban,95II13W1,Graham's Bridge,410,428,367,260,197,838,678,399,NA
Belfast,Urban,95II14W1,Hillfoot,884,836,863,842,857,591,613,835,NA
Lisburn and Castlereagh,Urban,95II15S1,Knockbracken_1,870,852,880,876,863,435,520,542,NA
Lisburn and Castlereagh,Urban,95II15S2,Knockbracken_2,867,771,841,838,842,605,473,664,NA
Belfast,Urban,95II16W1,Lisnasharragh,615,871,448,360,248,717,749,749,NA
Belfast,Urban,95II17W1,Lower Braniel,641,697,429,416,483,745,755,511,NA
Belfast,Urban,95II18W1,Minnowburn,293,698,225,153,106,514,640,285,NA
Lisburn and Castlereagh,Mixed urban/rural,95II19S1,Moneyreagh_1,821,800,846,871,836,172,751,883,NA
Lisburn and Castlereagh,Rural,95II19S2,Moneyreagh_2,740,829,664,614,703,268,465,699,NA
Lisburn and Castlereagh,Urban,95II20W1,Newtownbreda,815,827,695,665,726,759,420,520,NA
Belfast,Urban,95II21W1,Tullycarnet,248,433,191,182,74,783,753,518,NA
Belfast,Urban,95II22W1,Upper Braniel,614,622,560,443,466,469,403,475,NA
Belfast,Urban,95II23W1,Wynchurch,836,834,727,637,679,861,522,605,NA
Causeway Coast and Glens,Rural,95JJ01W1,Agivey,550,362,681,768,676,117,186,679,NA
Causeway Coast and Glens,Urban,95JJ02W1,Atlantic,213,124,216,451,305,419,752,72,TRUE
Causeway Coast and Glens,Urban,95JJ03S1,Ballysally_1,31,6,38,94,114,544,324,93,NA
Causeway Coast and Glens,Urban,95JJ03S2,Ballysally_2,160,176,156,193,103,480,565,236,NA
Causeway Coast and Glens,Rural,95JJ04S1,Castlerock_1,373,187,518,734,320,177,380,476,NA
Causeway Coast and Glens,Rural,95JJ04S2,Castlerock_2,450,175,561,715,470,267,708,581,NA
Causeway Coast and Glens,Urban,95JJ05W1,Central,137,106,189,222,226,831,26,36,NA
Causeway Coast and Glens,Urban,95JJ06W1,Churchland,172,200,139,171,149,626,530,152,NA
Causeway Coast and Glens,Urban,95JJ07W1,Cross Glebe,157,142,136,184,139,521,722,336,NA
Causeway Coast and Glens,Rural,95JJ08S1,Dundooan_1,337,405,335,474,345,205,62,305,NA
Causeway Coast and Glens,Mixed urban/rural,95JJ08S2,Dundooan_2,793,659,830,834,752,315,859,501,NA
Causeway Coast and Glens,Rural,95JJ09W1,Dunluce,547,326,637,830,670,163,225,549,NA
Causeway Coast and Glens,Rural,95JJ10W1,Garvagh,272,71,432,559,467,189,724,623,NA
Causeway Coast and Glens,Urban,95JJ11S1,Hopefield_1,626,486,504,673,555,343,853,534,NA
Causeway Coast and Glens,Urban,95JJ11S2,Hopefield_2,593,317,717,752,530,374,540,368,NA
Causeway Coast and Glens,Rural,95JJ12W1,Kilrea,407,227,379,503,535,245,764,557,NA
Causeway Coast and Glens,Urban,95JJ13S1,Knocklynn_1,542,294,484,674,501,364,820,762,NA
Causeway Coast and Glens,Urban,95JJ13S2,Knocklynn_2,665,409,580,753,646,393,842,849,NA
Causeway Coast and Glens,Rural,95JJ14W1,Macosquin,458,339,440,662,547,145,345,471,NA
Causeway Coast and Glens,Urban,95JJ15W1,Mount Sandel,471,354,376,546,374,753,415,229,NA
Causeway Coast and Glens,Urban,95JJ16W1,Portstewart,253,170,210,353,445,672,715,40,NA
Causeway Coast and Glens,Rural,95JJ17W1,Ringsend,341,177,495,697,556,51,222,870,NA
Causeway Coast and Glens,Urban,95JJ18W1,Royal Portrush,105,32,140,342,348,405,397,18,NA
Causeway Coast and Glens,Urban,95JJ19S1,Strand_1,835,825,873,866,840,576,113,505,NA
Causeway Coast and Glens,Urban,95JJ19S2,Strand_2,861,823,870,784,848,567,762,232,NA
Causeway Coast and Glens,Mixed urban/rural,95JJ20S1,The Cuts_1,592,327,628,708,528,392,863,405,NA
Causeway Coast and Glens,Urban,95JJ20S2,The Cuts_2,539,494,422,513,344,583,673,366,NA
Causeway Coast and Glens,Urban,95JJ21W1,University,398,383,391,345,188,464,800,406,NA
Causeway Coast and Glens,Urban,95JJ22W1,Waterside,708,416,693,813,773,554,567,426,NA
Mid Ulster,Rural,95KK01W1,Ardboe,206,237,238,178,258,79,636,882,NA
Mid Ulster,Rural,95KK02W1,Coagh,492,566,491,308,413,181,456,724,NA
Mid Ulster,Rural,95KK03W1,Dunnamore,271,222,441,425,590,6,463,740,NA
Mid Ulster,Urban,95KK04W1,Gortalowry,404,665,292,238,296,444,483,203,NA
Mid Ulster,Rural,95KK05W1,Killycolpy,314,267,388,378,306,80,430,859,NA
Mid Ulster,Urban,95KK06W1,Killymoon,254,361,217,192,191,549,283,276,NA
Mid Ulster,Rural,95KK07W1,Lissan,434,562,521,526,512,10,524,791,NA
Mid Ulster,Rural,95KK08W1,Moneymore,406,296,479,369,382,238,757,345,NA
Mid Ulster,Urban,95KK09W1,Newbuildings,390,490,339,236,250,650,541,159,NA
Mid Ulster,Rural,95KK10W1,Oaklands,397,205,654,611,532,59,327,688,NA
Mid Ulster,Urban,95KK11W1,Oldtown,296,243,297,189,330,552,809,204,NA
Mid Ulster,Rural,95KK12W1,Pomeroy,167,68,267,290,318,91,480,775,NA
Mid Ulster,Rural,95KK13W1,Sandholes,478,365,522,465,523,179,301,648,NA
Mid Ulster,Rural,95KK14W1,Stewartstown,408,554,368,291,414,161,229,649,NA
Mid Ulster,Rural,95KK15W1,The Loop,531,668,510,521,494,44,778,858,NA
Mid Ulster,Urban,95KK16W1,Tullagh,561,760,451,329,422,674,644,96,NA
"Armagh City, Banbridge and Craigavon",Rural,95LL01S1,Aghagallon_1,649,680,539,557,577,199,771,755,NA
"Armagh City, Banbridge and Craigavon",Mixed urban/rural,95LL01S2,Aghagallon_2,684,664,647,593,658,192,618,689,NA
"Armagh City, Banbridge and Craigavon",Mixed urban/rural,95LL02S1,Annagh_1,583,414,610,543,582,288,653,438,NA
"Armagh City, Banbridge and Craigavon",Urban,95LL02S2,Annagh_2,73,19,240,228,110,842,15,42,NA
"Armagh City, Banbridge and Craigavon",Mixed urban/rural,95LL03W1,Ballybay,200,202,275,235,82,477,637,226,NA
"Armagh City, Banbridge and Craigavon",Mixed urban/rural,95LL04W1,Ballyoran,412,489,321,278,366,329,647,384,NA
"Armagh City, Banbridge and Craigavon",Mixed urban/rural,95LL05S1,Bleary_1,825,730,848,841,781,255,840,822,NA
"Armagh City, Banbridge and Craigavon",Rural,95LL05S2,Bleary_2,631,765,529,472,567,253,285,784,NA
"Armagh City, Banbridge and Craigavon",Mixed urban/rural,95LL06S1,Brownstown_1,423,264,520,599,311,322,311,448,NA
"Armagh City, Banbridge and Craigavon",Urban,95LL06S2,Brownstown_2,447,338,467,335,297,645,539,415,NA
"Armagh City, Banbridge and Craigavon",Urban,95LL07W1,Church,62,17,198,199,33,690,204,104,NA
"Armagh City, Banbridge and Craigavon",Urban,95LL08S1,Corcrain_1,129,100,147,168,136,637,361,196,NA
"Armagh City, Banbridge and Craigavon",Urban,95LL08S2,Corcrain_2,108,86,178,211,81,564,70,175,NA
"Armagh City, Banbridge and Craigavon",Urban,95LL09S1,Court_1,54,105,69,67,68,850,58,7,NA
"Armagh City, Banbridge and Craigavon",Urban,95LL09S2,Court_2,179,592,92,100,115,806,299,97,NA
"Armagh City, Banbridge and Craigavon",Mixed urban/rural,95LL10S1,Derrytrasna_1,697,752,646,462,681,285,626,589,NA
"Armagh City, Banbridge and Craigavon",Rural,95LL10S2,Derrytrasna_2,608,635,666,633,570,73,581,707,NA
"Armagh City, Banbridge and Craigavon",Rural,95LL11S1,Donaghcloney_1,519,418,472,564,520,210,543,531,NA
"Armagh City, Banbridge and Craigavon",Rural,95LL11S2,Donaghcloney_2,727,634,797,818,688,127,767,829,NA
"Armagh City, Banbridge and Craigavon",Urban,95LL12S1,Drumgask_1,208,273,265,124,164,344,687,188,NA
"Armagh City, Banbridge and Craigavon",Urban,95LL12S2,Drumgask_2,52,117,67,42,24,478,166,295,NA
"Armagh City, Banbridge and Craigavon",Urban,95LL13S1,Drumgor_1,262,277,288,273,195,354,545,125,NA
"Armagh City, Banbridge and Craigavon",Urban,95LL13S2,Drumgor_2,81,172,107,64,37,531,792,26,NA
"Armagh City, Banbridge and Craigavon",Urban,95LL14S1,Drumnamoe_1,83,395,42,31,62,589,146,344,NA
"Armagh City, Banbridge and Craigavon",Urban,95LL14S2,Drumnamoe_2,351,444,257,202,332,524,297,606,NA
"Armagh City, Banbridge and Craigavon",Urban,95LL15S1,Edenderry_1,427,291,468,331,449,798,268,192,NA
"Armagh City, Banbridge and Craigavon",Urban,95LL15S2,Edenderry_2,682,845,526,400,426,597,711,608,NA
"Armagh City, Banbridge and Craigavon",Urban,95LL16S1,Kernan_1,780,739,760,669,692,346,837,508,NA
"Armagh City, Banbridge and Craigavon",Urban,95LL16S2,Kernan_2,616,516,696,567,367,276,856,541,NA
"Armagh City, Banbridge and Craigavon",Urban,95LL17W1,Killycomain,468,351,360,386,416,607,744,469,NA
"Armagh City, Banbridge and Craigavon",Urban,95LL18S1,Knocknashane_1,678,747,631,577,317,613,453,473,NA
"Armagh City, Banbridge and Craigavon",Urban,95LL18S2,Knocknashane_2,775,830,724,606,499,429,765,803,NA
"Armagh City, Banbridge and Craigavon",Mixed urban/rural,95LL19S1,Magheralin_1,746,740,667,616,606,446,599,625,NA
"Armagh City, Banbridge and Craigavon",Rural,95LL19S2,Magheralin_2,689,467,718,695,672,261,795,781,NA
"Armagh City, Banbridge and Craigavon",Urban,95LL20W1,Mourneview,301,459,246,183,178,509,513,317,NA
"Armagh City, Banbridge and Craigavon",Urban,95LL21W1,Parklake,417,295,424,356,341,659,570,243,NA
"Armagh City, Banbridge and Craigavon",Urban,95LL22W1,Taghnevan,332,465,286,208,239,533,526,173,NA
"Armagh City, Banbridge and Craigavon",Urban,95LL23W1,Tavanagh,164,122,199,225,93,799,502,181,NA
"Armagh City, Banbridge and Craigavon",Rural,95LL24S1,The Birches_1,534,268,704,721,537,130,808,746,NA
"Armagh City, Banbridge and Craigavon",Rural,95LL24S2,The Birches_2,577,627,541,609,496,96,658,786,NA
"Armagh City, Banbridge and Craigavon",Rural,95LL25S1,Waringstown_1,715,521,774,729,715,254,825,539,NA
"Armagh City, Banbridge and Craigavon",Rural,95LL25S2,Waringstown_2,767,658,767,739,817,348,395,588,NA
"Armagh City, Banbridge and Craigavon",Urban,95LL26S1,Woodville_1,14,9,59,91,21,729,10,27,NA
"Armagh City, Banbridge and Craigavon",Urban,95LL26S2,Woodville_2,772,766,645,600,780,475,478,691,NA
Derry City and Strabane,Urban,95MM01S1,Altnagelvin_1,101,199,71,118,85,461,247,176,NA
Derry City and Strabane,Urban,95MM01S2,Altnagelvin_2,545,236,584,573,611,622,785,339,NA
Derry City and Strabane,Urban,95MM01S3,Altnagelvin_3,525,350,449,496,488,377,882,640,NA
Derry City and Strabane,Urban,95MM02S1,Ballynashallog_1,621,596,402,481,744,534,614,328,NA
Derry City and Strabane,Urban,95MM02S2,Ballynashallog_2,808,667,750,814,853,358,700,800,NA
Derry City and Strabane,Rural,95MM03W1,Banagher,245,130,414,505,517,41,148,760,NA
Derry City and Strabane,Urban,95MM04W1,Beechwood,196,429,79,115,257,857,243,397,NA
Derry City and Strabane,Urban,95MM05W1,Brandywell,13,18,13,32,98,516,141,50,NA
Derry City and Strabane,Urban,95MM06S1,Carn Hill_1,226,422,121,119,315,581,485,220,NA
Derry City and Strabane,Urban,95MM06S2,Carn Hill_2,59,94,32,63,144,837,205,102,NA
Derry City and Strabane,Urban,95MM07W1,Caw,287,425,176,207,189,669,844,301,NA
Derry City and Strabane,Urban,95MM08S1,Clondermot_1,43,45,24,45,174,758,718,94,NA
Derry City and Strabane,Urban,95MM08S2,Clondermot_2,633,731,478,385,551,616,461,351,NA
Derry City and Strabane,Rural,95MM09S1,Claudy_1,490,565,340,366,471,229,849,600,NA
Derry City and Strabane,Rural,95MM09S2,Claudy_2,340,316,442,467,571,32,241,533,NA
Derry City and Strabane,Urban,95MM10S1,Creggan Central_1,10,20,16,23,31,695,82,198,NA
Derry City and Strabane,Urban,95MM10S2,Creggan Central_2,69,58,61,65,165,719,181,254,NA
Derry City and Strabane,Urban,95MM11W1,Creggan South,33,54,14,35,57,675,302,238,NA
Derry City and Strabane,Mixed urban/rural,95MM12S1,Crevagh_1,142,85,145,274,372,202,363,195,NA
Derry City and Strabane,Urban,95MM12S2,Crevagh_2,3,15,10,9,32,525,529,28,NA
Derry City and Strabane,Urban,95MM12S3,Crevagh_3,149,129,142,110,259,453,423,281,NA
Derry City and Strabane,Rural,95MM13S1,Culmore_1,650,814,481,501,793,165,663,497,NA
Derry City and Strabane,Urban,95MM13S2,Culmore_2,22,42,22,22,64,598,95,30,NA
Derry City and Strabane,Urban,95MM13S3,Culmore_3,130,421,57,85,128,471,622,126,NA
Derry City and Strabane,Urban,95MM13S4,Culmore_4,300,308,245,194,377,298,823,392,NA
Derry City and Strabane,Rural,95MM13S5,Culmore_5,738,610,679,760,826,231,854,659,NA
Derry City and Strabane,Urban,95MM14S1,Ebrington_1,416,413,235,387,602,826,353,119,NA
Derry City and Strabane,Urban,95MM14S2,Ebrington_2,38,24,51,104,166,866,18,33,NA
Derry City and Strabane,Rural,95MM15S1,Eglinton_1,421,310,348,459,707,249,393,315,NA
Derry City and Strabane,Rural,95MM15S2,Eglinton_2,636,510,553,560,685,269,745,607,NA
Derry City and Strabane,Rural,95MM16S1,Enagh_1,180,119,214,176,280,273,804,257,NA
Derry City and Strabane,Mixed urban/rural,95MM16S2,Enagh_2,634,585,555,587,729,246,486,380,TRUE
Derry City and Strabane,Urban,95MM17S1,Foyle Springs_1,713,742,488,605,738,488,426,726,NA
Derry City and Strabane,Urban,95MM17S2,Foyle Springs_2,229,366,108,169,343,625,372,270,NA
Derry City and Strabane,Rural,95MM18S1,Holly Mount_1,470,419,438,442,521,185,432,495,NA
Derry City and Strabane,Mixed urban/rural,95MM18S2,Holly Mount_2,603,604,558,444,593,275,577,374,NA
Derry City and Strabane,Urban,95MM19S1,Kilfennan_1,630,764,415,458,456,774,328,496,NA
Derry City and Strabane,Urban,95MM19S2,Kilfennan_2,415,420,316,303,386,752,284,289,NA
Derry City and Strabane,Urban,95MM20S1,Lisnagelvin_1,274,391,127,164,371,614,876,429,NA
Derry City and Strabane,Urban,95MM20S2,Lisnagelvin_2,513,449,409,431,447,830,216,320,NA
Derry City and Strabane,Rural,95MM21S1,New Buildings_1,278,270,229,280,265,307,579,574,NA
Derry City and Strabane,Mixed urban/rural,95MM21S2,New Buildings_2,739,750,583,701,754,282,783,629,NA
Derry City and Strabane,Urban,95MM22S1,Pennyburn_1,419,513,355,421,620,832,37,24,NA
Derry City and Strabane,Urban,95MM22S2,Pennyburn_2,755,835,508,476,812,635,819,535,NA
Derry City and Strabane,Urban,95MM23W1,Rosemount,68,51,65,105,245,858,50,44,NA
Derry City and Strabane,Urban,95MM24W1,Shantallow East,86,174,43,62,179,730,117,265,NA
Derry City and Strabane,Urban,95MM25S1,Shantallow West_1,19,65,7,13,87,684,300,19,NA
Derry City and Strabane,Urban,95MM25S2,Shantallow West_2,27,16,40,46,108,431,185,29,NA
Derry City and Strabane,Urban,95MM25S3,Shantallow West_3,51,40,58,59,135,328,730,107,NA
Derry City and Strabane,Urban,95MM25S4,Shantallow West_4,327,254,308,282,430,330,671,273,NA
Derry City and Strabane,Urban,95MM26S1,Springtown_1,144,157,114,108,262,584,257,291,NA
Derry City and Strabane,Urban,95MM26S2,Springtown_2,578,804,347,363,626,560,255,413,NA
Derry City and Strabane,Urban,95MM27S1,Strand_1,5,10,4,36,203,839,9,10,NA
Derry City and Strabane,Urban,95MM27S2,Strand_2,405,345,434,339,557,862,22,205,NA
Derry City and Strabane,Urban,95MM28W1,The Diamond,6,11,6,44,152,845,42,1,NA
Derry City and Strabane,Urban,95MM29W1,Victoria,153,149,152,160,212,677,183,109,NA
Derry City and Strabane,Urban,95MM30W1,Westland,45,43,29,77,167,865,110,120,NA
"Newry, Mourne and Down",Rural,95NN01S1,Ardglass_1,176,285,115,204,175,227,612,259,NA
"Newry, Mourne and Down",Rural,95NN01S2,Ardglass_2,305,302,263,372,474,104,350,449,NA
"Newry, Mourne and Down",Urban,95NN02W1,Audley's Acre,599,710,456,449,531,389,672,237,NA
"Newry, Mourne and Down",Urban,95NN03S1,Ballymaglave_1,396,215,372,344,527,704,677,214,NA
"Newry, Mourne and Down",Urban,95NN03S2,Ballymaglave_2,475,548,381,365,274,341,822,556,NA
"Newry, Mourne and Down",Urban,95NN04W1,Ballymote,115,315,93,57,113,473,651,34,NA
"Newry, Mourne and Down",Urban,95NN05W1,Ballynahinch East,283,234,271,272,256,628,527,187,NA
"Newry, Mourne and Down",Rural,95NN06S1,Castlewellan_1,235,580,184,161,142,688,35,287,NA
"Newry, Mourne and Down",Rural,95NN06S2,Castlewellan_2,455,427,406,382,418,233,634,544,NA
"Newry, Mourne and Down",Urban,95NN07S1,Cathedral_1,352,546,251,152,395,454,821,163,NA
"Newry, Mourne and Down",Urban,95NN07S2,Cathedral_2,106,108,133,125,158,489,434,23,NA
"Newry, Mourne and Down",Rural,95NN08S1,Crossgar_1,669,649,611,580,698,207,536,653,NA
"Newry, Mourne and Down",Rural,95NN08S2,Crossgar_2,660,551,639,720,553,228,790,555,NA
"Newry, Mourne and Down",Rural,95NN09S1,Derryboy_1,716,652,822,835,792,95,469,861,NA
"Newry, Mourne and Down",Rural,95NN09S2,Derryboy_2,464,443,487,556,657,142,57,521,NA
"Newry, Mourne and Down",Urban,95NN10S1,Donard_1,442,673,208,326,675,428,467,136,NA
"Newry, Mourne and Down",Urban,95NN10S2,Donard_2,671,462,606,652,735,352,660,685,NA
"Newry, Mourne and Down",Rural,95NN11S1,Drumaness_1,364,436,334,258,369,223,354,488,NA
"Newry, Mourne and Down",Rural,95NN11S2,Drumaness_2,629,476,690,645,662,129,648,787,NA
"Newry, Mourne and Down",Rural,95NN12W1,Dundrum,321,182,374,376,427,209,572,419,NA
"Newry, Mourne and Down",Mixed urban/rural,95NN13W1,Dunmore,666,623,657,677,656,146,654,657,NA
"Newry, Mourne and Down",Rural,95NN14S1,Killough_1,217,186,266,316,327,126,329,323,NA
"Newry, Mourne and Down",Rural,95NN14S2,Killough_2,261,238,318,401,378,72,143,576,NA
"Newry, Mourne and Down",Rural,95NN15W1,Killyleagh,381,349,398,407,238,318,508,314,NA
"Newry, Mourne and Down",Rural,95NN16S1,Kilmore_1,735,559,813,839,856,216,406,645,NA
"Newry, Mourne and Down",Rural,95NN16S2,Kilmore_2,693,612,707,820,614,184,414,806,NA
"Newry, Mourne and Down",Mixed urban/rural,95NN17W1,Murlough,89,112,77,114,176,361,600,57,NA
"Newry, Mourne and Down",Urban,95NN18S1,Quoile_1,186,401,105,146,217,448,154,183,NA
"Newry, Mourne and Down",Urban,95NN18S2,Quoile_2,761,875,607,591,759,266,810,712,NA
"Newry, Mourne and Down",Rural,95NN19S1,Saintfield_1,771,763,577,598,756,586,756,559,NA
"Newry, Mourne and Down",Rural,95NN19S2,Saintfield_2,781,545,821,837,828,327,828,562,NA
"Newry, Mourne and Down",Rural,95NN20W1,Seaforde,429,411,511,511,477,66,326,567,NA
"Newry, Mourne and Down",Urban,95NN21W1,Shimna,295,241,278,368,481,523,171,64,NA
"Newry, Mourne and Down",Rural,95NN22W1,Strangford,474,576,537,555,617,31,260,493,NA
"Newry, Mourne and Down",Rural,95NN23S1,Tollymore_1,375,453,392,455,437,76,129,584,NA
"Newry, Mourne and Down",Rural,95NN23S2,Tollymore_2,372,192,396,440,638,244,409,441,NA
Mid Ulster,Rural,95OO01W1,Altmore,313,242,425,497,435,53,122,871,NA
Mid Ulster,Rural,95OO02W1,Augher,479,331,692,757,699,36,197,720,NA
Mid Ulster,Rural,95OO03W1,Aughnacloy,344,183,482,483,500,106,474,515,NA
Mid Ulster,Rural,95OO04W1,Ballygawley,232,113,327,330,438,107,596,543,NA
Mid Ulster,Urban,95OO05W1,Ballysaggart,239,336,219,210,155,679,250,156,NA
Mid Ulster,Rural,95OO06W1,Benburb,494,311,636,572,566,118,358,758,NA
Mid Ulster,Rural,95OO07W1,Caledon,465,363,629,566,668,57,150,796,NA
Mid Ulster,Rural,95OO08W1,Castlecaulfield,625,577,599,499,621,206,620,598,NA
Mid Ulster,Rural,95OO09W1,Clogher,331,325,474,498,393,40,203,462,NA
Mid Ulster,Mixed urban/rural,95OO10W1,Coalisland North,329,431,233,191,325,356,788,513,NA
Mid Ulster,Urban,95OO11W1,Coalisland South,92,76,96,82,199,447,595,197,NA
Mid Ulster,Mixed urban/rural,95OO12W1,Coalisland West and Newmills,360,437,309,297,235,262,698,529,NA
Mid Ulster,Urban,95OO13W1,Coolhill,662,799,726,630,361,493,65,612,NA
Mid Ulster,Rural,95OO14W1,Donaghmore,425,198,572,523,586,173,390,732,NA
Mid Ulster,Urban,95OO15W1,Drumglass,291,341,262,203,206,476,549,387,NA
Mid Ulster,Rural,95OO16W1,Fivemiletown,431,397,545,453,298,155,507,386,NA
Mid Ulster,Rural,95OO17W1,Killyman,560,456,612,541,484,171,583,681,NA
Mid Ulster,Mixed urban/rural,95OO18W1,Killymeal,624,714,602,535,444,335,226,456,NA
Mid Ulster,Rural,95OO19W1,Moy,558,348,633,646,559,218,702,404,NA
Mid Ulster,Urban,95OO20W1,Moygashel,586,535,589,460,591,396,308,292,NA
Mid Ulster,Urban,95OO21W1,Mullaghmore,355,332,354,298,482,601,137,98,NA
Mid Ulster,Rural,95OO22W1,Washing Bay,476,400,473,379,581,143,537,750,NA
Fermanagh and Omagh,Rural,95PP01W1,Ballinamallard,526,408,592,533,454,139,684,715,NA
Fermanagh and Omagh,Rural,95PP02W1,Belcoo and Garrison,238,128,543,710,540,2,182,596,NA
Fermanagh and Omagh,Rural,95PP03W1,Belleek and Boa,151,37,362,536,450,14,500,507,NA
Fermanagh and Omagh,Rural,95PP04W1,Boho Cleenish and Letterbreen,399,230,650,655,415,48,514,654,NA
Fermanagh and Omagh,Rural,95PP05W1,Brookeborough,366,262,562,705,565,27,153,668,NA
Fermanagh and Omagh,Urban,95PP06S1,Castlecoole_1,357,496,303,251,202,420,680,284,NA
Fermanagh and Omagh,Urban,95PP06S2,Castlecoole_2,466,224,462,518,669,416,610,304,NA
Fermanagh and Omagh,Rural,95PP07W1,Derrygonnelly,436,307,524,639,546,50,559,731,NA
Fermanagh and Omagh,Rural,95PP08W1,Derrylin,362,159,595,807,487,42,597,687,NA
Fermanagh and Omagh,Urban,95PP09W1,Devenish,44,28,62,69,153,595,119,59,NA
Fermanagh and Omagh,Rural,95PP10W1,Donagh,234,69,509,649,605,16,556,719,NA
Fermanagh and Omagh,Urban,95PP11W1,Erne,216,330,175,200,205,460,685,62,NA
Fermanagh and Omagh,Rural,95PP12W1,Florence Court and Kinawley,275,125,603,700,583,11,238,693,NA
Fermanagh and Omagh,Rural,95PP13W1,Irvinestown,143,74,168,209,316,280,670,208,NA
Fermanagh and Omagh,Rural,95PP14S1,Kesh Ederney and Lack_1,211,134,375,352,331,47,298,714,NA
Fermanagh and Omagh,Rural,95PP14S2,Kesh Ederney and Lack_2,392,213,536,549,342,159,697,482,NA
Fermanagh and Omagh,Rural,95PP15W1,Lisbellaw,622,560,656,621,526,196,349,710,NA
Fermanagh and Omagh,Rural,95PP16W1,Lisnarrick,413,239,644,631,572,83,149,560,NA
Fermanagh and Omagh,Rural,95PP17W1,Lisnaskea,182,166,164,233,229,289,615,179,NA
Fermanagh and Omagh,Rural,95PP18W1,Maguiresbridge,394,210,531,620,373,111,695,665,NA
Fermanagh and Omagh,Rural,95PP19W1,Newtownbutler,112,31,260,304,363,39,332,561,NA
Fermanagh and Omagh,Urban,95PP20W1,Portora,214,114,328,295,407,418,384,38,NA
Fermanagh and Omagh,Rural,95PP21W1,Rosslea,114,14,407,582,495,5,343,666,NA
Fermanagh and Omagh,Urban,95PP22W1,Rossorry,409,410,331,374,336,365,811,249,NA
Fermanagh and Omagh,Rural,95PP23W1,Tempo,309,153,428,532,431,81,568,527,NA
Mid and East Antrim,Urban,95QQ01W1,Antiville,156,212,117,217,160,689,134,118,NA
Mid and East Antrim,Rural,95QQ02W1,Ballycarry,612,615,689,767,420,122,356,723,NA
Mid and East Antrim,Urban,95QQ03W1,Ballyloran,104,70,129,141,150,432,401,158,NA
Mid and East Antrim,Urban,95QQ04W1,Blackcave,367,512,258,263,209,495,488,676,NA
Mid and East Antrim,Mixed urban/rural,95QQ05W1,Carncastle,729,660,683,783,751,265,344,741,NA
Mid and East Antrim,Rural,95QQ06W1,Carnlough,369,469,319,412,440,115,290,324,NA
Mid and East Antrim,Urban,95QQ07W1,Central,192,280,166,223,268,723,36,41,NA
Mid and East Antrim,Urban,95QQ08W1,Craigy Hill,209,515,104,156,145,633,323,357,NA
Mid and East Antrim,Urban,95QQ09W1,Gardenmore,595,700,395,454,536,632,336,350,NA
Mid and East Antrim,Rural,95QQ10W1,Glenarm,281,288,623,682,554,3,16,401,NA
Mid and East Antrim,Mixed urban/rural,95QQ11W1,Glynn,555,379,615,644,618,178,338,655,NA
Mid and East Antrim,Urban,95QQ12W1,Harbour,441,532,276,519,412,381,176,375,NA
Mid and East Antrim,Rural,95QQ13W1,Island Magee,514,614,617,763,461,69,51,773,NA
Mid and East Antrim,Urban,95QQ14S1,Kilwaughter_1,728,707,752,641,545,313,758,485,NA
Mid and East Antrim,Mixed urban/rural,95QQ14S2,Kilwaughter_2,568,488,669,773,663,99,126,646,NA
Mid and East Antrim,Urban,95QQ15W1,Town Parks,292,206,326,312,307,720,80,430,NA
Causeway Coast and Glens,Urban,95RR01S1,Aghanloo_1,414,184,400,434,598,357,890,638,NA
Causeway Coast and Glens,Mixed urban/rural,95RR01S2,Aghanloo_2,493,498,544,683,544,77,123,614,NA
Causeway Coast and Glens,Rural,95RR02W1,Ballykelly,251,259,205,373,338,234,227,280,NA
Causeway Coast and Glens,Urban,95RR03W1,Coolessan,34,60,23,48,67,503,381,20,NA
Causeway Coast and Glens,Rural,95RR04W1,Dungiven,145,39,151,241,455,483,661,450,NA
Causeway Coast and Glens,Urban,95RR05S1,Enagh_1,610,681,384,429,710,375,754,480,NA
Causeway Coast and Glens,Urban,95RR05S2,Enagh_2,127,189,97,120,173,518,649,47,NA
Causeway Coast and Glens,Rural,95RR06W1,Feeny,203,53,366,414,389,186,388,684,NA
Causeway Coast and Glens,Mixed urban/rural,95RR07W1,Forest,446,323,444,492,492,194,399,686,NA
Causeway Coast and Glens,Rural,95RR08W1,Glack,365,352,420,539,653,12,525,776,NA
Causeway Coast and Glens,Rural,95RR09S1,Gresteel_1,290,256,228,268,493,188,592,573,NA
Causeway Coast and Glens,Rural,95RR09S2,Gresteel_2,265,140,403,381,273,259,287,434,NA
Causeway Coast and Glens,Urban,95RR10W1,Greystone,11,33,5,51,42,599,296,12,NA
Causeway Coast and Glens,Rural,95RR11W1,Magilligan,491,598,638,489,613,25,274,587,NA
Causeway Coast and Glens,Urban,95RR12W1,Rathbrady,348,380,261,396,376,529,156,169,NA
Causeway Coast and Glens,Urban,95RR13W1,Roeside,191,347,94,214,277,775,101,81,NA
Causeway Coast and Glens,Rural,95RR14W1,The Highlands,194,57,310,471,511,63,603,804,NA
Causeway Coast and Glens,Rural,95RR15W1,Upper Glenshane,440,381,356,447,497,160,555,828,NA
Lisburn and Castlereagh,Rural,95SS01S1,Ballinderry_1,673,746,852,725,746,45,294,852,NA
Lisburn and Castlereagh,Rural,95SS01S2,Ballinderry_2,695,628,697,717,612,182,662,761,NA
Lisburn and Castlereagh,Urban,95SS02S1,Ballymacash_1,655,724,685,709,424,557,72,346,NA
Lisburn and Castlereagh,Urban,95SS02S2,Ballymacash_2,844,849,874,873,865,359,164,873,NA
Lisburn and Castlereagh,Rural,95SS03S1,Ballymacbrennan_1,700,676,866,864,859,86,145,888,NA
Lisburn and Castlereagh,Rural,95SS03S2,Ballymacbrennan_2,659,722,850,868,864,56,52,837,NA
Lisburn and Castlereagh,Urban,95SS04S1,Ballymacoss_1,361,475,284,197,286,437,879,330,NA
Lisburn and Castlereagh,Urban,95SS04S2,Ballymacoss_2,535,557,503,410,264,443,667,536,NA
Lisburn and Castlereagh,Mixed urban/rural,95SS04S3,Ballymacoss_3,723,685,771,706,574,252,521,677,NA
Lisburn and Castlereagh,Urban,95SS05S1,Blaris_1,509,556,394,509,263,834,334,216,NA
Lisburn and Castlereagh,Mixed urban/rural,95SS05S2,Blaris_2,837,806,858,824,843,295,659,514,NA
Belfast,Mixed urban/rural,95SS06S1,Collin Glen_1,63,378,48,38,50,278,30,165,NA
Belfast,Urban,95SS06S2,Collin Glen_2,20,135,11,2,30,592,98,134,NA
Belfast,Urban,95SS06S3,Collin Glen_3,26,120,35,16,11,765,28,45,NA
Belfast,Urban,95SS07S1,Derryaghy_1,487,639,477,299,261,306,721,378,NA
Belfast,Urban,95SS07S2,Derryaghy_2,554,539,443,367,434,634,523,474,NA
Lisburn and Castlereagh,Mixed urban/rural,95SS07S3,Derryaghy_3,567,578,450,450,397,426,817,431,NA
Lisburn and Castlereagh,Rural,95SS08S1,Dromara_1,769,704,793,790,861,190,379,881,NA
Lisburn and Castlereagh,Rural,95SS08S2,Dromara_2,675,653,711,658,693,169,246,747,NA
Lisburn and Castlereagh,Rural,95SS09S1,Drumbo_1,764,769,884,884,885,242,53,662,NA
Lisburn and Castlereagh,Rural,95SS09S2,Drumbo_2,709,648,800,862,823,164,239,422,NA
Belfast,Urban,95SS10S1,Dunmurry_1,572,461,460,530,641,795,342,129,NA
Belfast,Urban,95SS10S2,Dunmurry_2,831,831,782,762,841,640,252,417,NA
Lisburn and Castlereagh,Rural,95SS11S1,Glenavy_1,703,723,715,553,649,225,793,483,NA
Lisburn and Castlereagh,Rural,95SS11S2,Glenavy_2,645,675,738,755,652,87,265,575,NA
Lisburn and Castlereagh,Urban,95SS12W1,Harmony Hill,852,837,744,738,786,724,439,546,NA
Lisburn and Castlereagh,Urban,95SS13S1,Hilden_1,190,164,296,313,119,754,49,99,NA
Lisburn and Castlereagh,Urban,95SS13S2,Hilden_2,202,92,289,296,181,817,310,310,NA
Lisburn and Castlereagh,Urban,95SS14S1,Hillhall_1,277,550,183,195,122,681,371,427,NA
Lisburn and Castlereagh,Mixed urban/rural,95SS14S2,Hillhall_2,690,480,736,736,637,264,635,729,NA
Lisburn and Castlereagh,Rural,95SS15S1,Hillsborough_1,862,695,834,840,852,485,712,793,NA
Lisburn and Castlereagh,Rural,95SS15S2,Hillsborough_2,812,793,862,867,884,226,315,717,NA
Belfast,Urban,95SS16S1,Kilwee_1,553,773,344,239,603,718,309,461,NA
Belfast,Urban,95SS16S2,Kilwee_2,107,511,53,40,125,756,102,67,NA
Lisburn and Castlereagh,Urban,95SS17S1,Knockmore_1,576,594,554,510,284,403,705,451,NA
Lisburn and Castlereagh,Urban,95SS17S2,Knockmore_2,346,506,346,237,185,408,331,297,NA
Lisburn and Castlereagh,Urban,95SS18S1,Lagan Valley_1,246,278,230,218,137,540,627,436,NA
Lisburn and Castlereagh,Urban,95SS18S2,Lagan Valley_2,380,382,254,292,534,778,448,78,NA
Lisburn and Castlereagh,Mixed urban/rural,95SS19S1,Lambeg_1,606,608,604,548,357,456,544,262,NA
Lisburn and Castlereagh,Mixed urban/rural,95SS19S2,Lambeg_2,359,452,430,384,90,380,477,428,NA
Lisburn and Castlereagh,Urban,95SS20W1,Lisnagarvey,809,772,721,743,597,710,576,566,NA
Lisburn and Castlereagh,Rural,95SS21S1,Maghaberry_1,712,663,816,764,741,232,211,410,NA
Lisburn and Castlereagh,Rural,95SS21S2,Maghaberry_2,742,748,796,770,740,175,291,774,NA
Lisburn and Castlereagh,Urban,95SS22S1,Magheralave_1,753,619,759,694,433,762,492,780,NA
Lisburn and Castlereagh,Urban,95SS22S2,Magheralave_2,857,867,748,771,770,459,706,810,NA
Lisburn and Castlereagh,Rural,95SS23S1,Maze_1,787,677,777,822,794,301,490,722,NA
Lisburn and Castlereagh,Rural,95SS23S2,Maze_2,646,706,625,612,548,136,501,777,NA
Lisburn and Castlereagh,Rural,95SS24S1,Moira_1,804,713,847,832,824,251,782,528,NA
Lisburn and Castlereagh,Rural,95SS24S2,Moira_2,796,754,713,699,722,411,846,682,NA
Lisburn and Castlereagh,Urban,95SS25W1,Old Warren,118,137,162,93,84,512,462,171,NA
Belfast,Urban,95SS26S1,Poleglass_1,39,167,33,17,40,491,235,82,NA
Belfast,Urban,95SS26S2,Poleglass_2,454,584,282,333,329,663,515,325,NA
Lisburn and Castlereagh,Urban,95SS27W1,Seymour Hill,418,501,317,306,279,579,405,393,NA
Lisburn and Castlereagh,Urban,95SS28W1,Tonagh,282,396,252,232,180,784,158,180,NA
Belfast,Urban,95SS29S1,Twinbrook_1,42,96,47,30,70,621,23,245,NA
Belfast,Urban,95SS29S2,Twinbrook_2,36,64,26,28,112,668,59,167,NA
Lisburn and Castlereagh,Urban,95SS30S1,Wallace Park_1,858,887,886,865,660,742,104,868,NA
Lisburn and Castlereagh,Urban,95SS30S2,Wallace Park_2,842,818,814,857,820,417,307,683,NA
Mid Ulster,Rural,95TT01W1,Ballymaguigan,664,640,730,690,728,112,314,727,NA
Mid Ulster,Rural,95TT02W1,Bellaghy,541,377,546,540,629,168,533,826,NA
Mid Ulster,Rural,95TT03S1,Castledawson_1,453,599,421,301,301,296,359,494,NA
Mid Ulster,Rural,95TT03S2,Castledawson_2,607,522,502,618,552,277,538,763,NA
Mid Ulster,Rural,95TT04W1,Draperstown,389,214,416,370,575,174,686,812,NA
Mid Ulster,Urban,95TT05S1,Glebe_1,688,537,672,657,610,536,606,253,NA
Mid Ulster,Urban,95TT05S2,Glebe_2,227,356,190,122,131,780,511,382,NA
Mid Ulster,Rural,95TT06W1,Gulladuff,589,534,575,491,622,170,562,751,NA
Mid Ulster,Mixed urban/rural,95TT07W1,Knockcloghrim,674,715,702,622,631,141,367,756,NA
Mid Ulster,Rural,95TT08W1,Lecumpher,563,406,703,650,704,65,532,814,NA
Mid Ulster,Rural,95TT09S1,Lower Glenshane_1,527,574,563,502,761,30,489,869,NA
Mid Ulster,Rural,95TT09S2,Lower Glenshane_2,661,587,762,799,837,62,404,807,NA
Mid Ulster,Rural,95TT10W1,Maghera,255,163,301,289,275,527,256,343,NA
Mid Ulster,Rural,95TT11S1,Swatragh_1,562,364,565,632,742,123,741,842,NA
Mid Ulster,Rural,95TT11S2,Swatragh_2,459,299,640,723,725,24,400,839,NA
Mid Ulster,Rural,95TT12W1,Tobermore,582,611,568,528,640,116,366,738,NA
Mid Ulster,Urban,95TT13S1,Town Parks East_1,435,232,527,463,352,551,443,363,NA
Mid Ulster,Urban,95TT13S2,Town Parks East_2,218,249,223,137,221,715,769,90,NA
Mid Ulster,Urban,95TT14W1,Town Parks West,544,583,431,358,396,636,768,215,NA
Mid Ulster,Rural,95TT15W1,Upperlands,358,207,483,404,562,140,195,733,NA
Mid Ulster,Rural,95TT16W1,Valley,510,328,557,623,549,148,424,795,NA
Causeway Coast and Glens,Urban,95UU06W1,Dalriada,584,542,390,515,608,386,870,464,NA
Causeway Coast and Glens,Rural,95UU09W1,Glenariff,543,386,542,613,743,134,449,597,NA
Causeway Coast and Glens,Urban,95UU14W1,Knocklayd,221,143,201,266,310,385,871,381,NA
Causeway Coast and Glens,Rural,95UU99C1,Armoy and Moss-Side and Moyarget,169,72,281,348,423,55,271,526,NA
Causeway Coast and Glens,Rural,95UU99C2,Ballylough and Bushmills,177,59,270,558,147,247,734,458,NA
Causeway Coast and Glens,Mixed urban/rural,95UU99C3,Bonamargy and Rathlin and Glenshesk,460,344,459,666,696,124,249,316,NA
Causeway Coast and Glens,Rural,95UU99C4,Carnmoon and Dunseverick,210,84,437,586,490,38,99,788,NA
Causeway Coast and Glens,Rural,95UU99C5,Glenaan and Glendun,499,371,535,653,682,85,313,692,NA
Causeway Coast and Glens,Mixed urban/rural,95UU99C6,Glentaisie and Kinbane,124,25,231,350,347,222,333,251,NA
"Newry, Mourne and Down",Rural,95VV01S1,Annalong_1,363,169,574,590,441,153,236,530,NA
"Newry, Mourne and Down",Rural,95VV01S2,Annalong_2,187,66,300,288,282,302,563,355,NA
"Newry, Mourne and Down",Urban,95VV02W1,Ballybot,93,271,73,80,100,575,73,56,NA
"Newry, Mourne and Down",Rural,95VV03W1,Bessbrook,132,281,130,128,61,412,155,299,NA
"Newry, Mourne and Down",Rural,95VV04W1,Binnian,335,123,540,629,550,93,417,705,NA
"Newry, Mourne and Down",Mixed urban/rural,95VV05S1,Burren and Kilbroney_1,473,257,587,726,716,90,263,782,NA
"Newry, Mourne and Down",Mixed urban/rural,95VV05S2,Burren and Kilbroney_2,663,393,765,823,789,138,739,833,NA
"Newry, Mourne and Down",Rural,95VV06W1,Camlough,260,110,294,364,599,215,412,506,NA
"Newry, Mourne and Down",Urban,95VV07S1,Clonallan_1,133,98,157,206,198,609,161,75,NA
"Newry, Mourne and Down",Urban,95VV07S2,Clonallan_2,619,434,493,610,661,362,802,634,NA
"Newry, Mourne and Down",Rural,95VV08W1,Creggan,72,1,221,415,391,61,159,721,NA
"Newry, Mourne and Down",Rural,95VV09W1,Crossmaglen,57,5,109,229,276,208,81,783,NA
"Newry, Mourne and Down",Urban,95VV10S1,Daisy Hill_1,171,519,124,83,105,580,175,137,NA
"Newry, Mourne and Down",Urban,95VV10S2,Daisy Hill_2,75,104,100,75,213,680,24,8,NA
"Newry, Mourne and Down",Mixed urban/rural,95VV11S1,Derryleckagh_1,686,518,641,571,800,257,743,739,NA
"Newry, Mourne and Down",Mixed urban/rural,95VV11S2,Derryleckagh_2,557,289,556,607,748,271,619,709,NA
"Newry, Mourne and Down",Mixed urban/rural,95VV12S1,Derrymore_1,147,77,274,213,242,379,85,148,NA
"Newry, Mourne and Down",Urban,95VV12S2,Derrymore_2,237,225,207,216,240,497,433,377,NA
"Newry, Mourne and Down",Rural,95VV13S1,Donaghmore_1,334,136,582,647,727,26,574,736,NA
"Newry, Mourne and Down",Rural,95VV13S2,Donaghmore_2,504,252,626,654,783,128,392,630,NA
"Newry, Mourne and Down",Urban,95VV14S1,Drumalane_1,326,284,299,322,322,462,218,446,NA
"Newry, Mourne and Down",Urban,95VV14S2,Drumalane_2,279,151,371,323,625,545,135,58,NA
"Newry, Mourne and Down",Urban,95VV15S1,Drumgullion_1,70,52,89,90,102,693,188,206,NA
"Newry, Mourne and Down",Urban,95VV15S2,Drumgullion_2,551,716,408,347,399,470,617,376,NA
"Newry, Mourne and Down",Mixed urban/rural,95VV16W1,Fathom,243,102,329,487,355,213,446,395,NA
"Newry, Mourne and Down",Rural,95VV17S1,Forkhill_1,249,87,351,437,448,214,402,628,NA
"Newry, Mourne and Down",Rural,95VV17S2,Forkhill_2,100,2,272,395,624,94,472,635,NA
"Newry, Mourne and Down",Urban,95VV18S1,Kilkeel Central_1,540,376,534,570,405,563,437,333,NA
"Newry, Mourne and Down",Mixed urban/rural,95VV18S2,Kilkeel Central_2,258,445,177,212,272,383,234,185,NA
"Newry, Mourne and Down",Urban,95VV19S1,Kilkeel South_1,500,570,412,514,335,345,623,190,NA
"Newry, Mourne and Down",Urban,95VV19S2,Kilkeel South_2,113,78,122,158,201,401,365,228,NA
"Newry, Mourne and Down",Rural,95VV20W1,Lisnacree,336,269,489,525,509,28,351,525,NA
"Newry, Mourne and Down",Rural,95VV21S1,Mayobridge_1,378,144,514,552,506,147,731,823,NA
"Newry, Mourne and Down",Rural,95VV21S2,Mayobridge_2,587,540,716,696,766,29,611,853,NA
"Newry, Mourne and Down",Rural,95VV22W1,Newtownhamilton,111,13,389,484,403,37,217,361,NA
"Newry, Mourne and Down",Rural,95VV23W1,Rostrevor,385,216,447,520,560,248,133,491,NA
"Newry, Mourne and Down",Urban,95VV24S1,Seaview_1,620,394,616,663,830,468,190,348,NA
"Newry, Mourne and Down",Urban,95VV24S2,Seaview_2,244,152,250,257,349,528,322,402,NA
"Newry, Mourne and Down",Rural,95VV25S1,Silver Bridge_1,94,3,253,380,491,78,638,702,NA
"Newry, Mourne and Down",Rural,95VV25S2,Silver Bridge_2,220,36,454,664,689,67,535,848,NA
"Newry, Mourne and Down",Rural,95VV26W1,Spelga,284,91,471,485,510,154,408,552,NA
"Newry, Mourne and Down",Urban,95VV27W1,St Mary's,207,334,203,188,216,482,74,128,NA
"Newry, Mourne and Down",Urban,95VV28S1,St Patrick's_1,400,415,323,377,429,542,90,308,NA
"Newry, Mourne and Down",Urban,95VV28S2,St Patrick's_2,126,103,163,154,314,643,38,49,NA
"Newry, Mourne and Down",Rural,95VV29W1,Tullyhappy,322,82,622,712,561,97,378,694,NA
"Newry, Mourne and Down",Urban,95VV30S1,Windsor Hill_1,710,701,567,698,765,492,179,594,NA
"Newry, Mourne and Down",Urban,95VV30S2,Windsor Hill_2,370,491,315,250,291,504,416,162,NA
Antrim and Newtownabbey,Urban,95WW01S1,Abbey_1,451,595,295,397,269,728,312,319,NA
Antrim and Newtownabbey,Urban,95WW01S2,Abbey_2,428,398,401,337,354,771,261,193,NA
Antrim and Newtownabbey,Urban,95WW02S1,Ballyclare North_1,489,531,324,343,346,600,875,423,NA
Antrim and Newtownabbey,Urban,95WW02S2,Ballyclare North_2,571,372,594,547,358,570,883,416,NA
Antrim and Newtownabbey,Urban,95WW03S1,Ballyclare South_1,324,484,244,283,161,644,373,244,NA
Antrim and Newtownabbey,Urban,95WW03S2,Ballyclare South_2,732,762,648,627,452,520,750,583,NA
Antrim and Newtownabbey,Urban,95WW04S1,Ballyduff_1,486,616,439,341,200,479,571,498,NA
Antrim and Newtownabbey,Urban,95WW04S2,Ballyduff_2,654,774,530,426,356,665,558,658,NA
Antrim and Newtownabbey,Urban,95WW05S1,Ballyhenry_1,705,810,694,578,472,619,140,540,NA
Antrim and Newtownabbey,Urban,95WW05S2,Ballyhenry_2,507,702,370,318,294,820,248,369,NA
Antrim and Newtownabbey,Mixed urban/rural,95WW06S1,Ballynure_1,653,647,811,848,628,74,207,713,NA
Antrim and Newtownabbey,Rural,95WW06S2,Ballynure_2,800,719,809,851,809,235,812,650,NA
Antrim and Newtownabbey,Rural,95WW07S1,Ballyrobert_1,777,785,789,854,769,224,232,808,NA
Antrim and Newtownabbey,Urban,95WW07S2,Ballyrobert_2,748,850,731,707,485,351,445,621,NA
Antrim and Newtownabbey,Urban,95WW08S1,Burnthill_1,754,839,668,624,498,761,245,586,NA
Antrim and Newtownabbey,Urban,95WW08S2,Burnthill_2,759,873,653,603,516,683,348,519,NA
Antrim and Newtownabbey,Urban,95WW09S1,Carnmoney_1,165,245,143,170,69,547,482,362,NA
Antrim and Newtownabbey,Urban,95WW09S2,Carnmoney_2,782,888,680,643,619,653,224,618,NA
Antrim and Newtownabbey,Urban,95WW10S1,Cloughfern_1,618,691,532,390,446,494,789,286,NA
Antrim and Newtownabbey,Urban,95WW10S2,Cloughfern_2,469,625,313,349,278,764,364,322,NA
Antrim and Newtownabbey,Urban,95WW11S1,Collinbridge_1,802,780,819,680,763,398,575,489,NA
Antrim and Newtownabbey,Urban,95WW11S2,Collinbridge_2,760,857,699,661,733,647,184,224,NA
Antrim and Newtownabbey,Urban,95WW12W1,Coole,103,148,90,107,71,816,233,199,NA
Antrim and Newtownabbey,Rural,95WW13S1,Doagh_1,799,744,795,806,720,287,665,767,NA
Antrim and Newtownabbey,Rural,95WW13S2,Doagh_2,694,530,769,747,645,211,656,604,NA
Antrim and Newtownabbey,Urban,95WW14W1,Dunanney,84,116,87,92,43,711,385,306,NA
Antrim and Newtownabbey,Urban,95WW15S1,Glebe_1,724,712,665,538,558,624,553,453,NA
Antrim and Newtownabbey,Urban,95WW15S2,Glebe_2,826,803,766,636,694,539,799,680,NA
Antrim and Newtownabbey,Urban,95WW16S1,Glengormley_1,638,842,634,469,388,743,196,124,NA
Antrim and Newtownabbey,Urban,95WW16S2,Glengormley_2,195,312,181,136,86,697,652,268,NA
Antrim and Newtownabbey,Urban,95WW17W1,Hawthorne,495,756,349,293,222,615,696,445,NA
Antrim and Newtownabbey,Urban,95WW18W1,Hightown,517,558,533,389,360,793,125,174,NA
Antrim and Newtownabbey,Urban,95WW19S1,Jordanstown_1,779,727,624,595,724,692,701,538,NA
Antrim and Newtownabbey,Urban,95WW19S2,Jordanstown_2,878,854,879,872,876,390,564,876,NA
Antrim and Newtownabbey,Urban,95WW19S3,Jordanstown_3,871,815,877,880,879,363,546,878,NA
Antrim and Newtownabbey,Mixed urban/rural,95WW20S1,Mallusk_1,745,733,723,740,674,240,780,454,NA
Antrim and Newtownabbey,Urban,95WW20S2,Mallusk_2,792,749,854,781,594,317,772,568,NA
Antrim and Newtownabbey,Urban,95WW20S3,Mallusk_3,839,874,833,846,799,376,206,844,NA
Antrim and Newtownabbey,Urban,95WW21S1,Monkstown_1,117,208,123,112,55,612,160,264,NA
Antrim and Newtownabbey,Urban,95WW21S2,Monkstown_2,462,450,469,327,285,577,320,396,NA
Antrim and Newtownabbey,Urban,95WW22S1,Mossley_1,722,796,725,563,475,620,272,472,NA
Antrim and Newtownabbey,Urban,95WW22S2,Mossley_2,193,468,182,117,38,546,774,385,NA
Antrim and Newtownabbey,Urban,95WW23S1,Rostulla_1,628,661,519,516,463,537,588,242,NA
Antrim and Newtownabbey,Urban,95WW23S2,Rostulla_2,886,881,887,877,767,590,551,890,NA
Antrim and Newtownabbey,Urban,95WW24S1,Valley_1,319,470,241,198,214,802,391,151,NA
Antrim and Newtownabbey,Urban,95WW24S2,Valley_2,184,272,179,174,75,662,475,170,NA
Antrim and Newtownabbey,Urban,95WW25W1,Whitehouse,135,194,102,123,111,617,487,225,NA
Ards and North Down,Urban,95XX01S1,Ballycrochan_1,863,819,817,843,822,331,826,857,NA
Ards and North Down,Urban,95XX01S2,Ballycrochan_2,830,657,786,826,806,402,887,851,NA
Ards and North Down,Urban,95XX01S3,Ballycrochan_3,737,618,677,648,666,508,452,770,NA
Ards and North Down,Urban,95XX02W1,Ballyholme,840,651,853,869,867,725,189,701,NA
Ards and North Down,Urban,95XX03S1,Ballymaconnell_1,751,738,733,733,576,502,191,785,NA
Ards and North Down,Urban,95XX03S2,Ballymaconnell_2,847,669,845,852,787,384,850,889,NA
Ards and North Down,Urban,95XX04S1,Ballymagee_1,864,809,844,779,772,501,609,725,NA
Ards and North Down,Urban,95XX04S2,Ballymagee_2,714,684,609,602,515,555,864,418,NA
Ards and North Down,Urban,95XX05W1,Bangor Castle,585,533,517,495,410,685,630,217,NA
Ards and North Down,Urban,95XX06S1,Bloomfield_1,354,301,382,332,233,568,729,147,NA
Ards and North Down,Urban,95XX06S2,Bloomfield_2,523,399,494,408,417,517,869,318,NA
Ards and North Down,Urban,95XX07S1,Broadway_1,726,563,619,758,529,588,829,669,NA
Ards and North Down,Urban,95XX07S2,Broadway_2,868,781,788,744,813,746,688,661,NA
Ards and North Down,Urban,95XX08S1,Bryansburn_1,776,679,737,845,818,772,47,745,NA
Ards and North Down,Urban,95XX08S2,Bryansburn_2,789,689,686,745,807,425,807,516,NA
Ards and North Down,Urban,95XX09S1,Churchill_1,798,801,649,596,711,660,727,642,NA
Ards and North Down,Urban,95XX09S2,Churchill_2,788,632,684,678,801,618,657,627,NA
Ards and North Down,Urban,95XX10S1,Clandeboye_1,307,121,410,409,379,413,531,290,NA
Ards and North Down,Urban,95XX10S2,Clandeboye_2,702,571,792,711,636,395,836,140,NA
Ards and North Down,Urban,95XX10S3,Clandeboye_3,356,283,426,388,124,587,735,447,NA
Ards and North Down,Urban,95XX11S1,Conlig_1,497,321,551,482,402,311,838,444,NA
Ards and North Down,Urban,95XX11S2,Conlig_2,602,523,658,456,458,308,847,353,NA
Ards and North Down,Urban,95XX11S3,Conlig_3,134,95,192,86,192,445,881,172,NA
Ards and North Down,Mixed urban/rural,95XX12W1,Craigavad,756,728,749,858,846,221,253,609,NA
Ards and North Down,Mixed urban/rural,95XX13W1,Crawfordsburn,824,826,823,879,850,258,413,672,NA
Ards and North Down,Urban,95XX14W1,Cultra,762,751,864,886,871,310,43,622,NA
Ards and North Down,Urban,95XX15W1,Dufferin,317,432,256,219,196,449,806,255,NA
Ards and North Down,Mixed urban/rural,95XX16W1,Groomsport,768,672,663,702,779,337,862,730,NA
Ards and North Down,Urban,95XX17S1,Harbour_1,174,173,202,307,324,757,21,6,NA
Ards and North Down,Urban,95XX17S2,Harbour_2,632,495,614,751,714,773,64,178,NA
Ards and North Down,Urban,95XX18W1,Holywood Demesne,647,430,722,681,648,694,91,425,NA
Ards and North Down,Urban,95XX19W1,Holywood Priory,816,757,804,836,855,397,375,492,NA
Ards and North Down,Mixed urban/rural,95XX20S1,Loughview_1,250,155,283,270,304,367,628,359,NA
Ards and North Down,Urban,95XX20S2,Loughview_2,480,244,855,816,133,562,223,624,NA
Ards and North Down,Urban,95XX21W1,Princetown,818,711,673,819,849,572,589,595,NA
Ards and North Down,Urban,95XX22W1,Rathgael,532,319,528,589,453,705,428,267,NA
Ards and North Down,Urban,95XX23W1,Silverstream,530,479,578,411,237,611,766,302,NA
Ards and North Down,Urban,95XX24S1,Springhill_1,855,847,790,765,795,371,740,879,NA
Ards and North Down,Urban,95XX24S2,Springhill_2,731,586,593,692,579,691,569,801,NA
Ards and North Down,Urban,95XX25W1,Whitehill,242,178,298,300,134,655,746,211,NA
Fermanagh and Omagh,Rural,95YY01W1,Beragh,422,423,499,399,478,108,172,620,NA
Fermanagh and Omagh,Urban,95YY02W1,Camowen,312,426,169,147,457,455,818,379,NA
Fermanagh and Omagh,Rural,95YY03W1,Clanabogan,461,392,605,534,680,20,587,855,NA
Fermanagh and Omagh,Urban,95YY04W1,Coolnagard,438,524,277,255,468,368,796,500,NA
Fermanagh and Omagh,Urban,95YY05W1,Dergmoney,316,373,200,264,564,585,194,95,NA
Fermanagh and Omagh,Rural,95YY06W1,Dromore,383,642,269,224,595,88,479,524,NA
Fermanagh and Omagh,Rural,95YY07W1,Drumnakilly,395,355,411,324,639,75,468,827,NA
Fermanagh and Omagh,Rural,95YY08W1,Drumquin,311,303,363,375,507,43,220,643,NA
Fermanagh and Omagh,Urban,95YY09W1,Drumragh,323,568,187,201,542,467,115,168,NA
Fermanagh and Omagh,Rural,95YY10W1,Fairy Water,512,525,596,675,802,15,319,862,NA
Fermanagh and Omagh,Rural,95YY11W1,Fintona,138,99,126,181,436,183,321,278,NA
Fermanagh and Omagh,Mixed urban/rural,95YY12W1,Gortin,573,466,621,512,702,119,607,590,NA
Fermanagh and Omagh,Urban,95YY13S1,Gortrush_1,529,705,364,226,432,466,675,769,NA
Fermanagh and Omagh,Urban,95YY13S2,Gortrush_2,188,367,112,97,193,486,585,334,NA
Fermanagh and Omagh,Urban,95YY14S1,Killyclogher_1,264,247,280,172,365,347,318,358,NA
Fermanagh and Omagh,Urban,95YY14S2,Killyclogher_2,445,478,352,231,442,323,886,663,NA
Fermanagh and Omagh,Urban,95YY15S1,Lisanelly_1,47,21,52,84,187,736,138,222,NA
Fermanagh and Omagh,Urban,95YY15S2,Lisanelly_2,46,61,55,24,140,484,277,113,NA
Fermanagh and Omagh,Rural,95YY16W1,Newtownsaville,452,569,513,500,607,22,280,811,NA
Fermanagh and Omagh,Rural,95YY17W1,Owenkillew,257,179,419,424,665,9,282,813,NA
Fermanagh and Omagh,Rural,95YY18W1,Sixmilecross,289,387,377,417,533,8,124,802,NA
Fermanagh and Omagh,Urban,95YY19W1,Strule,168,258,101,126,231,530,295,235,NA
Fermanagh and Omagh,Rural,95YY20W1,Termon,280,253,306,351,632,46,193,790,NA
Fermanagh and Omagh,Rural,95YY21W1,Trillick,379,369,597,585,737,7,88,778,NA
Derry City and Strabane,Rural,95ZZ01W1,Artigarvan,376,324,369,436,281,191,692,601,NA
Derry City and Strabane,Urban,95ZZ02W1,Ballycolman,37,26,31,81,92,706,624,144,NA
Derry City and Strabane,Rural,95ZZ03W1,Castlederg,152,261,74,113,260,400,506,321,NA
Derry City and Strabane,Rural,95ZZ04W1,Clare,333,340,343,361,451,60,436,821,NA
Derry City and Strabane,Rural,95ZZ05W1,Dunnamanagh,148,79,248,319,443,21,264,671,NA
Derry City and Strabane,Urban,95ZZ06W1,East,1,4,3,54,14,559,127,76,NA
Derry City and Strabane,Rural,95ZZ07W1,Finn,166,81,196,310,236,180,668,571,NA
Derry City and Strabane,Rural,95ZZ08W1,Glenderg,90,48,165,254,247,23,410,651,NA
Derry City and Strabane,Rural,95ZZ09W1,Newtownstewart,201,314,150,240,230,162,450,312,NA
Derry City and Strabane,Urban,95ZZ10W1,North,141,83,141,267,328,404,316,101,NA
Derry City and Strabane,Rural,95ZZ11W1,Plumbridge,304,368,393,461,589,1,286,834,NA
Derry City and Strabane,Rural,95ZZ12W1,Sion Mills,175,304,131,150,207,339,128,266,NA
Derry City and Strabane,Rural,95ZZ13W1,Slievekirk,299,275,365,394,462,52,165,815,NA
Derry City and Strabane,Urban,95ZZ14S1,South_1,236,374,137,175,227,427,676,400,NA
Derry City and Strabane,Urban,95ZZ14S2,South_2,477,492,293,402,406,481,737,479,NA
Derry City and Strabane,Rural,95ZZ15W1,Victoria Bridge,266,220,304,355,290,114,499,580,NA
Derry City and Strabane,Urban,95ZZ16S1,West_1,205,97,264,321,244,292,747,481,NA
Derry City and Strabane,Urban,95ZZ16S2,West_2,170,309,68,135,234,649,693,139,NA
