indicator,date,source,domain,last_update,country,geography
% people in households that are overcrowded,NA,NA,Social,2020-07-03,Scotland,MSOA
% people in households without central heating,NA,NA,Social,2020-07-03,Scotland,MSOA
Air quality,2019,English Indices of Deprivation (https://www.gov.uk/government/statistics/english-indices-of-deprivation-2019),Social,2020-07-03,England,MSOA
Alcohol-related hospital admissions,NA,NA,Clinical,2020-07-03,Scotland,MSOA
All Respiratory Diseases: Emergency Admission Rates (Age-Standardised) per 100K pop - 3 Yr avg(FY 15/16 - 17/18),NA,NA,Clinical,2020-07-03,Wales,MSOA
Asthma patient hospitalisations,NA,NA,Clinical,2020-07-03,Scotland,MSOA
Asthma prevalence Rate,2017/18,House of Commons Library (https://commonslibrary.parliament.uk/social-policy/health/diseases/constituency-data-how-healthy-is-your-area),Clinical,2020-07-03,England,MSOA
Atrial Fibrillation prevalence Rate,2017/18,House of Commons Library (https://commonslibrary.parliament.uk/social-policy/health/diseases/constituency-data-how-healthy-is-your-area),Clinical,2020-07-03,England,MSOA
"Average distance to nearest Park, Public Garden, or Playing Field (m)",NA,NA,Health/Wellbeing,2020-07-03,"England, Wales, Scotland","MSOA, MSOA, MSOA"
Average private return travel time to a food shop (minutes),NA,NA,Social,2020-07-03,Wales,MSOA
Average private return travel time to a GP surgery (minutes),NA,NA,Social,2020-07-03,Wales,MSOA
Average private return travel time to a pharmacy (minutes),NA,NA,Social,2020-07-03,Wales,MSOA
Average private return travel time to a post office (minutes),NA,NA,Social,2020-07-03,Wales,MSOA
Cancer Incidence Rate,NA,NA,Clinical,2020-07-03,Wales,MSOA
Cancer prevalence Rate,2017/18,House of Commons Library (https://commonslibrary.parliament.uk/social-policy/health/diseases/constituency-data-how-healthy-is-your-area),Clinical,2020-07-03,England,MSOA
Cancer registrations,NA,NA,Clinical,2020-07-03,Scotland,MSOA
Cardiovascular Disease prevalence Rate,2017/18,House of Commons Library (https://commonslibrary.parliament.uk/social-policy/health/diseases/constituency-data-how-healthy-is-your-area),Clinical,2020-07-03,England,MSOA
Children in low income families,NA,NA,Economic,2020-07-03,Scotland,MSOA
"Children living in poverty, 2017",NA,NA,Economic,2020-07-03,Wales,MSOA
Chronic Kidney Disease prevalence Rate,2017/18,House of Commons Library (https://commonslibrary.parliament.uk/social-policy/health/diseases/constituency-data-how-healthy-is-your-area),Clinical,2020-07-03,England,MSOA
Chronic obstructive pulmonary disease (COPD) patient hospitalisations,NA,NA,Clinical,2020-07-03,Scotland,MSOA
Clinical Vulnerability decile,NA,NA,Clinical,2020-07-03,"England, Wales, Scotland, Northern Ireland","MSOA, MSOA, MSOA, SOA"
Clinical Vulnerability rank,NA,NA,Clinical,2020-07-03,"England, Wales, Scotland, Northern Ireland","MSOA, MSOA, MSOA, SOA"
Clinical Vulnerability score,NA,NA,Clinical,2020-07-03,"England, Wales, Scotland, Northern Ireland","MSOA, MSOA, MSOA, SOA"
Code,NA,NA,All,2020-07-03,"England, Wales, Scotland, Northern Ireland","MSOA, MSOA, MSOA, SOA"
Combined Mental Health Indicator (Rank),NA,NA,Health/Wellbeing,2020-07-03,Northern Ireland,SOA
COPD prevalence Rate,2017/18,House of Commons Library (https://commonslibrary.parliament.uk/social-policy/health/diseases/constituency-data-how-healthy-is-your-area),Clinical,2020-07-03,England,MSOA
Coronary heart disease (CHD) patient hospitalisations,NA,NA,Clinical,2020-07-03,Scotland,MSOA
Coronary Heart Disease (CHD): Admission Rates (Age-Standardised) per 100K pop - 3 Yr avg(FY 15/16 - 17/18),NA,NA,Clinical,2020-07-03,Wales,MSOA
Coronary Heart Disease prevalence Rate,2017/18,House of Commons Library (https://commonslibrary.parliament.uk/social-policy/health/diseases/constituency-data-how-healthy-is-your-area),Clinical,2020-07-03,England,MSOA
Dementia prevalence Rate,2017/18,House of Commons Library (https://commonslibrary.parliament.uk/social-policy/health/diseases/constituency-data-how-healthy-is-your-area),Health/Wellbeing,2020-07-03,England,MSOA
Diabetes hospitalisations,NA,NA,Clinical,2020-07-03,Scotland,MSOA
Diabetes prevalence Rate,2017/18,House of Commons Library (https://commonslibrary.parliament.uk/social-policy/health/diseases/constituency-data-how-healthy-is-your-area),Clinical,2020-07-03,England,MSOA
Digital Vulnerability rank,2020,CACI (caci.co.uk),Social,2020-07-03,"England, Wales, Scotland, Northern Ireland","MSOA, MSOA, MSOA, SOA"
Disability benefit (DLA) Rate,NA,NA,Economic,2020-07-03,Scotland,MSOA
Drug-related hospital admissions,NA,NA,Health/Wellbeing,2020-07-03,Scotland,MSOA
"Early deaths from cancer, aged <75 years",NA,NA,Clinical,2020-07-03,Scotland,MSOA
"Early deaths from coronary heart disease (CHD), aged <75 years",NA,NA,Clinical,2020-07-03,Scotland,MSOA
Economic Vulnerability decile,NA,NA,Economic,2020-07-03,"England, Wales, Scotland, Northern Ireland","MSOA, MSOA, MSOA, SOA"
Economic Vulnerability rank,NA,NA,Economic,2020-07-03,"England, Wales, Scotland, Northern Ireland","MSOA, MSOA, MSOA, SOA"
Economic Vulnerability score,NA,NA,Economic,2020-07-03,"England, Wales, Scotland, Northern Ireland","MSOA, MSOA, MSOA, SOA"
"Employment and Support Allowance claimants, disease code nervous system Rate",2019,Department for Work and Pensions (DWP) (https://www.gov.uk/government/organisations/department-for-work-pensions/about/statistics),Economic,2020-07-03,"England, Wales, Scotland","MSOA, MSOA, MSOA"
"Employment and Support Allowance claimants, disease code respiratory or circulatory Rate",2019,Department for Work and Pensions (DWP) (https://www.gov.uk/government/organisations/department-for-work-pensions/about/statistics),Economic,2020-07-03,"England, Wales, Scotland","MSOA, MSOA, MSOA"
Financial Vulnerability score,NA,NA,Economic,2020-07-03,"England, Wales, Scotland, Northern Ireland","MSOA, MSOA, MSOA, SOA"
Frailty rank,2011-2017,https://bmjopen.bmj.com/content/9/6/e026759,Health/Wellbeing,2020-07-03,England,MSOA
GP-recorded chronic condition (rate per 100),NA,NA,Clinical,2020-07-03,Wales,MSOA
GP-recorded mental health condition (rate per 100),NA,NA,Health/Wellbeing,2020-07-03,Wales,MSOA
Health/Wellbeing Vulnerability decile,NA,NA,Health/Wellbeing,2020-07-03,"England, Wales, Scotland, Northern Ireland","MSOA, MSOA, MSOA, SOA"
Health/Wellbeing Vulnerability rank,NA,NA,Health/Wellbeing,2020-07-03,"England, Wales, Scotland, Northern Ireland","MSOA, MSOA, MSOA, SOA"
Health/Wellbeing Vulnerability score,NA,NA,Health/Wellbeing,2020-07-03,"England, Wales, Scotland, Northern Ireland","MSOA, MSOA, MSOA, SOA"
Heart Failure prevalence Rate,2017/18,House of Commons Library (https://commonslibrary.parliament.uk/social-policy/health/diseases/constituency-data-how-healthy-is-your-area),Clinical,2020-07-03,England,MSOA
High Blood Pressure prevalence Rate,2017/18,House of Commons Library (https://commonslibrary.parliament.uk/social-policy/health/diseases/constituency-data-how-healthy-is-your-area),Clinical,2020-07-03,England,MSOA
"Hip fractures among older people, 2009/10 to 2018/19",NA,NA,Clinical,2020-07-03,Wales,MSOA
Homelessness,2019,English Indices of Deprivation (https://www.gov.uk/government/statistics/english-indices-of-deprivation-2019),Social,2020-07-03,England,MSOA
Household overcrowding,2019,English Indices of Deprivation (https://www.gov.uk/government/statistics/english-indices-of-deprivation-2019),Social,2020-07-03,England,MSOA
Households on Universal Credit - Limited Capability for Work Entitlement Rate,2019,Department for Work and Pensions (DWP) (https://www.gov.uk/government/organisations/department-for-work-pensions/about/statistics),Economic,2020-07-03,"England, Wales, Scotland","MSOA, MSOA, MSOA"
Houses without central heating,2019,English Indices of Deprivation (https://www.gov.uk/government/statistics/english-indices-of-deprivation-2019),Social,2020-07-03,England,MSOA
Housing Access (Rank),NA,NA,Social,2020-07-03,Northern Ireland,SOA
Housing in poor condition,2019,English Indices of Deprivation (https://www.gov.uk/government/statistics/english-indices-of-deprivation-2019),Social,2020-07-03,England,MSOA
Housing Quality (Rank),NA,NA,Social,2020-07-03,Northern Ireland,SOA
Jobs in accommodation and food services (hospitality) Rate,2018,Business Register and Employment Survey (BRES) (https://www.ons.gov.uk/surveys/informationforbusinesses/businesssurveys/businessregisterandemploymentsurvey),Economic,2020-07-03,"England, Wales, Scotland","MSOA, MSOA, MSOA"
"Jobs in arts, entertainment, recreation and other services Rate",2018,Business Register and Employment Survey (BRES) (https://www.ons.gov.uk/surveys/informationforbusinesses/businesssurveys/businessregisterandemploymentsurvey),Economic,2020-07-03,"England, Wales, Scotland","MSOA, MSOA, MSOA"
Jobs in retail Rate,2018,Business Register and Employment Survey (BRES) (https://www.ons.gov.uk/surveys/informationforbusinesses/businesssurveys/businessregisterandemploymentsurvey),Economic,2020-07-03,"England, Wales, Scotland","MSOA, MSOA, MSOA"
Jobs in transport and storage (inc postal) Rate,2018,Business Register and Employment Survey (BRES) (https://www.ons.gov.uk/surveys/informationforbusinesses/businesssurveys/businessregisterandemploymentsurvey),Economic,2020-07-03,"England, Wales, Scotland","MSOA, MSOA, MSOA"
Learning Disabilities prevalence Rate,2017/18,House of Commons Library (https://commonslibrary.parliament.uk/social-policy/health/diseases/constituency-data-how-healthy-is-your-area),Health/Wellbeing,2020-07-03,England,MSOA
Likelihood of poor quality housing (%),NA,NA,Social,2020-07-03,Wales,MSOA
Limiting long-term illness (rate per 100),NA,NA,Clinical,2020-07-03,Wales,MSOA
Loneliness,2018,https://github.com/matthewgthomas/loneliness/,Health/Wellbeing,2020-07-03,"England, Wales, Scotland, Northern Ireland","MSOA, MSOA, MSOA, SOA"
Longest distance to food bank (km),2020,Trussel Trust (https://www.trusselltrust.org/),Social,2020-07-03,"England, Wales, Scotland","MSOA, MSOA, MSOA"
Longest distance to GP surgery (km),2019,English Indices of Deprivation (https://www.gov.uk/government/statistics/english-indices-of-deprivation-2019),Social,2020-07-03,England,MSOA
Longest distance to hospital (km),2015,UK Gov (https://data.gov.uk/dataset/f4420d1c-043a-42bc-afbc-4c0f7d3f1620/hospitals),Social,2020-07-03,"England, Wales","MSOA, MSOA"
Longest distance to Post Office (km),2019,English Indices of Deprivation (https://www.gov.uk/government/statistics/english-indices-of-deprivation-2019),Social,2020-07-03,England,MSOA
Longest distance to supermarket (km),2019,English Indices of Deprivation (https://www.gov.uk/government/statistics/english-indices-of-deprivation-2019),Social,2020-07-03,England,MSOA
Longest drive time to a GP surgery (minutes),NA,NA,Social,2020-07-03,Scotland,MSOA
Longest drive time to a Post Office (minutes),NA,NA,Social,2020-07-03,Scotland,MSOA
Longest drive time to a retail centre (minutes),NA,NA,Social,2020-07-03,Scotland,MSOA
Mid-year population estimate - aged 65+ years,NA,NA,Clinical,2020-07-03,Scotland,MSOA
Modelled prevalence of people aged 15 who are regular smokers Rate,2014,"Department of Geography, University of Portsmouth and Geography and Environment, University of Southampton (http://www.localhealth.org.uk/)",Clinical,2020-07-03,England,MSOA
"Multiple emergency hospital admissions, aged >65 years",NA,NA,Clinical,2020-07-03,Scotland,MSOA
Name,NA,NA,All,2020-07-03,"England, Wales, Scotland, Northern Ireland","MSOA, MSOA, MSOA, SOA"
"Nitrogen dioxide (NOâ‚‚) concentration at residential dwelling locations, 2017",NA,NA,Social,2020-07-03,Wales,MSOA
Obesity prevalence Rate,2006-2008,Office for National Statistics (ONS) (http://www.localhealth.org.uk/),Clinical,2020-07-03,England,MSOA
Older people social care benefit (Attendance Allowance) Rate,2019,Department for Work and Pensions (DWP) (https://www.gov.uk/government/organisations/department-for-work-pensions/about/statistics),Economic,2020-07-03,"England, Scotland","MSOA, MSOA"
Older people social care benefit (Attendance Allowance) Rate,NA,NA,Health/Wellbeing,2020-07-03,Wales,MSOA
Outdoor physical environment Sub-Domain (Rank),NA,NA,Social,2020-07-03,Northern Ireland,SOA
Pensioners in poverty (Pension Credit) Rate,NA,NA,Economic,2020-07-03,"Wales, Scotland","MSOA, MSOA"
People in overcrowded households (%),NA,NA,Social,2020-07-03,Wales,MSOA
People receiving Disability Benefits Rate,2019,Department for Work and Pensions (DWP) (https://www.gov.uk/government/organisations/department-for-work-pensions/about/statistics),Economic,2020-07-03,England,MSOA
Percentage of adresses with private outdoor space (reverse ranked),NA,NA,Health/Wellbeing,2020-07-03,"England, Wales, Scotland","MSOA, MSOA, MSOA"
Peripheral Arterial Disease prevalence Rate,2017/18,House of Commons Library (https://commonslibrary.parliament.uk/social-policy/health/diseases/constituency-data-how-healthy-is-your-area),Clinical,2020-07-03,England,MSOA
"Personal Independence Payment (PIP), mental health claimants Rate",NA,NA,Economic,2020-07-03,Wales,MSOA
"Personal Independence Payment (PIP), respiratory disease claimants Rate",2020,Department for Work and Pensions (DWP) (https://www.gov.uk/government/organisations/department-for-work-pensions/about/statistics),Economic,2020-07-03,"England, Wales, Scotland","MSOA, MSOA, MSOA"
Population prescribed drugs for anxiety/depression/psychosis,NA,NA,Health/Wellbeing,2020-07-03,Scotland,MSOA
Proportion of employment-deprived population,NA,NA,Economic,2020-07-03,Northern Ireland,SOA
Proportion of low-income population,NA,NA,Economic,2020-07-03,Northern Ireland,SOA
Proportion people over 70,2018,Office for National Statistics (ONS) (https://www.ons.gov.uk/peoplepopulationandcommunity/populationandmigration/populationestimates/bulletins/annualmidyearpopulationestimates/latest),Clinical,2020-07-03,England,MSOA
Serious Mental Illness prevalence Rate,2017/18,House of Commons Library (https://commonslibrary.parliament.uk/social-policy/health/diseases/constituency-data-how-healthy-is-your-area),Health/Wellbeing,2020-07-03,England,MSOA
Service-weighted fastest travel time by private transport (Rank),NA,NA,Social,2020-07-03,Northern Ireland,SOA
Social Vulnerability decile,NA,NA,Social,2020-07-03,"England, Wales, Scotland, Northern Ireland","MSOA, MSOA, MSOA, SOA"
Social Vulnerability rank,NA,NA,Social,2020-07-03,"England, Wales, Scotland, Northern Ireland","MSOA, MSOA, MSOA, SOA"
Social Vulnerability score,NA,NA,Social,2020-07-03,"England, Wales, Scotland, Northern Ireland","MSOA, MSOA, MSOA, SOA"
Socioeconomic Vulnerability decile,NA,NA,Socioeconomic,2020-07-03,"England, Wales, Scotland, Northern Ireland","MSOA, MSOA, MSOA, SOA"
Socioeconomic Vulnerability rank,NA,NA,Socioeconomic,2020-07-03,"England, Wales, Scotland, Northern Ireland","MSOA, MSOA, MSOA, SOA"
Socioeconomic Vulnerability score,NA,NA,Socioeconomic,2020-07-03,"England, Wales, Scotland, Northern Ireland","MSOA, MSOA, MSOA, SOA"
Standardized ratio of people on multiple prescriptions (Rank),NA,NA,Clinical,2020-07-03,Northern Ireland,SOA
Standardized ratio of people registered as having cancer (Rank),NA,NA,Clinical,2020-07-03,Northern Ireland,SOA
Standardized ratio of people with a long-term health problem or disability (Rank),NA,NA,Clinical,2020-07-03,Northern Ireland,SOA
Universal Credit claimants - Conditionality Regime: No work requirements Rate,2020,Department for Work and Pensions (DWP) (https://www.gov.uk/government/organisations/department-for-work-pensions/about/statistics),Economic,2020-07-03,"England, Wales, Scotland","MSOA, MSOA, MSOA"
Vulnerability decile,NA,NA,All,2020-07-03,"England, Wales, Scotland, Northern Ireland","MSOA, MSOA, MSOA, SOA"
Vulnerability rank,NA,NA,All,2020-07-03,"England, Wales, Scotland, Northern Ireland","MSOA, MSOA, MSOA, SOA"
Vulnerability score,NA,NA,All,2020-07-03,"England, Wales, Scotland, Northern Ireland","MSOA, MSOA, MSOA, SOA"
Working age population employment deprived,NA,NA,Economic,2020-07-03,Scotland,MSOA
Workless through sickness benefit (IB/ESA) Rate,NA,NA,Economic,2020-07-03,Scotland,MSOA