indicator,date,source,domain,country,geography
% people in households that are overcrowded,2020-07-06,NA,Social,Scotland,MSOA
% people in households without central heating,2020-07-06,NA,Social,Scotland,MSOA
Air quality,2020-07-06,NA,Social,England,MSOA
Alcohol-related hospital admissions,2020-07-06,NA,Clinical,Scotland,MSOA
All Respiratory Diseases: Emergency Admission Rates (Age-Standardised) per 100K pop - 3 Yr avg(FY 15/16 - 17/18),2020-07-06,NA,Clinical,Wales,MSOA
Asthma patient hospitalisations,2020-07-06,NA,Clinical,Scotland,MSOA
Asthma prevalence Rate,2020-07-06,NA,Clinical,England,MSOA
Atrial Fibrillation prevalence Rate,2020-07-06,NA,Clinical,England,MSOA
"Average distance to nearest Park, Public Garden, or Playing Field (m)",2020-07-06,NA,Health/Wellbeing,"England, Wales, Scotland","MSOA, MSOA, MSOA"
Average private return travel time to a food shop (minutes),2020-07-06,NA,Social,Wales,MSOA
Average private return travel time to a GP surgery (minutes),2020-07-06,NA,Social,Wales,MSOA
Average private return travel time to a pharmacy (minutes),2020-07-06,NA,Social,Wales,MSOA
Average private return travel time to a post office (minutes),2020-07-06,NA,Social,Wales,MSOA
Cancer Incidence Rate,2020-07-06,NA,Clinical,Wales,MSOA
Cancer prevalence Rate,2020-07-06,NA,Clinical,England,MSOA
Cancer registrations,2020-07-06,NA,Clinical,Scotland,MSOA
Cardiovascular Disease prevalence Rate,2020-07-06,NA,Clinical,England,MSOA
Children in low income families,2020-07-06,NA,Economic,Scotland,MSOA
"Children living in poverty, 2017",2020-07-06,NA,Economic,Wales,MSOA
Chronic Kidney Disease prevalence Rate,2020-07-06,NA,Clinical,England,MSOA
Chronic obstructive pulmonary disease (COPD) patient hospitalisations,2020-07-06,NA,Clinical,Scotland,MSOA
Clinical Vulnerability decile,2020-07-06,NA,Clinical,"England, Wales, Scotland, Northern Ireland","MSOA, MSOA, MSOA, SOA"
Clinical Vulnerability rank,2020-07-06,NA,Clinical,"England, Wales, Scotland, Northern Ireland","MSOA, MSOA, MSOA, SOA"
Clinical Vulnerability score,2020-07-06,NA,Clinical,"England, Wales, Scotland, Northern Ireland","MSOA, MSOA, MSOA, SOA"
Code,2020-07-06,NA,All,"England, Wales, Scotland, Northern Ireland","MSOA, MSOA, MSOA, SOA"
Combined Mental Health Indicator (Rank),2020-07-06,NA,Health/Wellbeing,Northern Ireland,SOA
COPD prevalence Rate,2020-07-06,NA,Clinical,England,MSOA
Coronary heart disease (CHD) patient hospitalisations,2020-07-06,NA,Clinical,Scotland,MSOA
Coronary Heart Disease (CHD): Admission Rates (Age-Standardised) per 100K pop - 3 Yr avg(FY 15/16 - 17/18),2020-07-06,NA,Clinical,Wales,MSOA
Coronary Heart Disease prevalence Rate,2020-07-06,NA,Clinical,England,MSOA
Dementia prevalence Rate,2020-07-06,NA,Health/Wellbeing,England,MSOA
Diabetes hospitalisations,2020-07-06,NA,Clinical,Scotland,MSOA
Diabetes prevalence Rate,2020-07-06,NA,Clinical,England,MSOA
Digital Vulnerability rank,2020-07-06,NA,Social,"England, Wales, Scotland, Northern Ireland","MSOA, MSOA, MSOA, SOA"
Disability benefit (DLA) Rate,2020-07-06,NA,Economic,Scotland,MSOA
Drug-related hospital admissions,2020-07-06,NA,Health/Wellbeing,Scotland,MSOA
"Early deaths from cancer, aged <75 years",2020-07-06,NA,Clinical,Scotland,MSOA
"Early deaths from coronary heart disease (CHD), aged <75 years",2020-07-06,NA,Clinical,Scotland,MSOA
Economic Vulnerability decile,2020-07-06,NA,Economic,"England, Wales, Scotland, Northern Ireland","MSOA, MSOA, MSOA, SOA"
Economic Vulnerability rank,2020-07-06,NA,Economic,"England, Wales, Scotland, Northern Ireland","MSOA, MSOA, MSOA, SOA"
Economic Vulnerability score,2020-07-06,NA,Economic,"England, Wales, Scotland, Northern Ireland","MSOA, MSOA, MSOA, SOA"
"Employment and Support Allowance claimants, disease code nervous system Rate",2020-07-06,NA,Economic,"England, Wales, Scotland","MSOA, MSOA, MSOA"
"Employment and Support Allowance claimants, disease code respiratory or circulatory Rate",2020-07-06,NA,Economic,"England, Wales, Scotland","MSOA, MSOA, MSOA"
Financial Vulnerability score,2020-07-06,NA,Economic,"England, Wales, Scotland, Northern Ireland","MSOA, MSOA, MSOA, SOA"
Frailty rank,2020-07-06,NA,Health/Wellbeing,England,MSOA
GP-recorded chronic condition (rate per 100),2020-07-06,NA,Clinical,Wales,MSOA
GP-recorded mental health condition (rate per 100),2020-07-06,NA,Health/Wellbeing,Wales,MSOA
Health/Wellbeing Vulnerability decile,2020-07-06,NA,Health/Wellbeing,"England, Wales, Scotland, Northern Ireland","MSOA, MSOA, MSOA, SOA"
Health/Wellbeing Vulnerability rank,2020-07-06,NA,Health/Wellbeing,"England, Wales, Scotland, Northern Ireland","MSOA, MSOA, MSOA, SOA"
Health/Wellbeing Vulnerability score,2020-07-06,NA,Health/Wellbeing,"England, Wales, Scotland, Northern Ireland","MSOA, MSOA, MSOA, SOA"
Heart Failure prevalence Rate,2020-07-06,NA,Clinical,England,MSOA
High Blood Pressure prevalence Rate,2020-07-06,NA,Clinical,England,MSOA
"Hip fractures among older people, 2009/10 to 2018/19",2020-07-06,NA,Clinical,Wales,MSOA
Homelessness,2020-07-06,NA,Social,England,MSOA
Household overcrowding,2020-07-06,NA,Social,England,MSOA
Households on Universal Credit - Limited Capability for Work Entitlement Rate,2020-07-06,NA,Economic,"England, Wales, Scotland","MSOA, MSOA, MSOA"
Houses without central heating,2020-07-06,NA,Social,England,MSOA
Housing Access (Rank),2020-07-06,NA,Social,Northern Ireland,SOA
Housing in poor condition,2020-07-06,NA,Social,England,MSOA
Housing Quality (Rank),2020-07-06,NA,Social,Northern Ireland,SOA
Jobs in accommodation and food services (hospitality) Rate,2020-07-06,NA,Economic,"England, Wales, Scotland","MSOA, MSOA, MSOA"
"Jobs in arts, entertainment, recreation and other services Rate",2020-07-06,NA,Economic,"England, Wales, Scotland","MSOA, MSOA, MSOA"
Jobs in retail Rate,2020-07-06,NA,Economic,"England, Wales, Scotland","MSOA, MSOA, MSOA"
Jobs in transport and storage (inc postal) Rate,2020-07-06,NA,Economic,"England, Wales, Scotland","MSOA, MSOA, MSOA"
Learning Disabilities prevalence Rate,2020-07-06,NA,Health/Wellbeing,England,MSOA
Likelihood of poor quality housing (%),2020-07-06,NA,Social,Wales,MSOA
Limiting long-term illness (rate per 100),2020-07-06,NA,Clinical,Wales,MSOA
Loneliness,2020-07-06,NA,Health/Wellbeing,"England, Wales, Scotland, Northern Ireland","MSOA, MSOA, MSOA, SOA"
Longest distance to food bank (km),2020-07-06,NA,Social,"England, Wales, Scotland","MSOA, MSOA, MSOA"
Longest distance to GP surgery (km),2020-07-06,NA,Social,England,MSOA
Longest distance to hospital (km),2020-07-06,NA,Social,"England, Wales","MSOA, MSOA"
Longest distance to Post Office (km),2020-07-06,NA,Social,England,MSOA
Longest distance to supermarket (km),2020-07-06,NA,Social,England,MSOA
Longest drive time to a GP surgery (minutes),2020-07-06,NA,Social,Scotland,MSOA
Longest drive time to a Post Office (minutes),2020-07-06,NA,Social,Scotland,MSOA
Longest drive time to a retail centre (minutes),2020-07-06,NA,Social,Scotland,MSOA
Mid-year population estimate - aged 65+ years,2020-07-06,NA,Clinical,Scotland,MSOA
Modelled prevalence of people aged 15 who are regular smokers Rate,2020-07-06,NA,Clinical,England,MSOA
"Multiple emergency hospital admissions, aged >65 years",2020-07-06,NA,Clinical,Scotland,MSOA
Name,2020-07-06,NA,All,"England, Wales, Scotland, Northern Ireland","MSOA, MSOA, MSOA, SOA"
"Nitrogen dioxide (NOâ‚‚) concentration at residential dwelling locations, 2017",2020-07-06,NA,Social,Wales,MSOA
Obesity prevalence Rate,2020-07-06,NA,Clinical,England,MSOA
Older people social care benefit (Attendance Allowance) Rate,2020-07-06,NA,Economic,"England, Scotland","MSOA, MSOA"
Older people social care benefit (Attendance Allowance) Rate,2020-07-06,NA,Health/Wellbeing,Wales,MSOA
Outdoor physical environment Sub-Domain (Rank),2020-07-06,NA,Social,Northern Ireland,SOA
Pensioners in poverty (Pension Credit) Rate,2020-07-06,NA,Economic,"Wales, Scotland","MSOA, MSOA"
People in overcrowded households (%),2020-07-06,NA,Social,Wales,MSOA
People receiving Disability Benefits Rate,2020-07-06,NA,Economic,England,MSOA
Percentage of adresses with private outdoor space (reverse ranked),2020-07-06,NA,Health/Wellbeing,"England, Wales, Scotland","MSOA, MSOA, MSOA"
Peripheral Arterial Disease prevalence Rate,2020-07-06,NA,Clinical,England,MSOA
"Personal Independence Payment (PIP), mental health claimants Rate",2020-07-06,NA,Economic,Wales,MSOA
"Personal Independence Payment (PIP), respiratory disease claimants Rate",2020-07-06,NA,Economic,"England, Wales, Scotland","MSOA, MSOA, MSOA"
Population prescribed drugs for anxiety/depression/psychosis,2020-07-06,NA,Health/Wellbeing,Scotland,MSOA
Proportion of employment-deprived population,2020-07-06,NA,Economic,Northern Ireland,SOA
Proportion of low-income population,2020-07-06,NA,Economic,Northern Ireland,SOA
Proportion people over 70,2020-07-06,NA,Clinical,England,MSOA
Serious Mental Illness prevalence Rate,2020-07-06,NA,Health/Wellbeing,England,MSOA
Service-weighted fastest travel time by private transport (Rank),2020-07-06,NA,Social,Northern Ireland,SOA
Social Vulnerability decile,2020-07-06,NA,Social,"England, Wales, Scotland, Northern Ireland","MSOA, MSOA, MSOA, SOA"
Social Vulnerability rank,2020-07-06,NA,Social,"England, Wales, Scotland, Northern Ireland","MSOA, MSOA, MSOA, SOA"
Social Vulnerability score,2020-07-06,NA,Social,"England, Wales, Scotland, Northern Ireland","MSOA, MSOA, MSOA, SOA"
Socioeconomic Vulnerability decile,2020-07-06,NA,Socioeconomic,"England, Wales, Scotland, Northern Ireland","MSOA, MSOA, MSOA, SOA"
Socioeconomic Vulnerability rank,2020-07-06,NA,Socioeconomic,"England, Wales, Scotland, Northern Ireland","MSOA, MSOA, MSOA, SOA"
Socioeconomic Vulnerability score,2020-07-06,NA,Socioeconomic,"England, Wales, Scotland, Northern Ireland","MSOA, MSOA, MSOA, SOA"
Standardized ratio of people on multiple prescriptions (Rank),2020-07-06,NA,Clinical,Northern Ireland,SOA
Standardized ratio of people registered as having cancer (Rank),2020-07-06,NA,Clinical,Northern Ireland,SOA
Standardized ratio of people with a long-term health problem or disability (Rank),2020-07-06,NA,Clinical,Northern Ireland,SOA
Universal Credit claimants - Conditionality Regime: No work requirements Rate,2020-07-06,NA,Economic,"England, Wales, Scotland","MSOA, MSOA, MSOA"
Vulnerability decile,2020-07-06,NA,All,"England, Wales, Scotland, Northern Ireland","MSOA, MSOA, MSOA, SOA"
Vulnerability rank,2020-07-06,NA,All,"England, Wales, Scotland, Northern Ireland","MSOA, MSOA, MSOA, SOA"
Vulnerability score,2020-07-06,NA,All,"England, Wales, Scotland, Northern Ireland","MSOA, MSOA, MSOA, SOA"
Working age population employment deprived,2020-07-06,NA,Economic,Scotland,MSOA
Workless through sickness benefit (IB/ESA) Rate,2020-07-06,NA,Economic,Scotland,MSOA
