LAD19CD,TacticalCell,watchlist_status
E06000001,North,No interventions
E06000002,North,No interventions
E06000003,North,No interventions
E06000004,North,No interventions
E06000005,North,No interventions
E06000006,North,No interventions
E06000007,North,No interventions
E06000008,North,Intervention
E06000009,North,No interventions
E06000010,North,No interventions
E06000011,North,No interventions
E06000012,Central,No interventions
E06000013,Central,No interventions
E06000014,North,No interventions
E06000015,Central,No interventions
E06000016,Central,Intervention
E06000018,Central,No interventions
E06000017,Central,No interventions
E06000019,Central,No interventions
E06000020,Central,No interventions
E06000021,Central,No interventions
E06000022,South and the Channel Islands,No interventions
E06000023,South and the Channel Islands,No interventions
E06000024,South and the Channel Islands,No interventions
E06000025,South and the Channel Islands,No interventions
E06000026,South and the Channel Islands,No interventions
E06000027,South and the Channel Islands,No interventions
E06000058,South and the Channel Islands,No interventions
E06000030,South and the Channel Islands,Concern
E06000031,Central,Concern
E06000032,South East,Intervention
E06000033,South East,No interventions
E06000034,South East,No interventions
E06000035,South East,No interventions
E06000036,South and the Channel Islands,No interventions
E06000037,South and the Channel Islands,No interventions
E06000038,South and the Channel Islands,No interventions
E06000039,South and the Channel Islands,No interventions
E06000040,South and the Channel Islands,No interventions
E06000041,South and the Channel Islands,No interventions
E06000042,South and the Channel Islands,No interventions
E06000043,South East,No interventions
E06000044,South East,No interventions
E06000045,South East,No interventions
E06000046,South East,No interventions
E06000047,North,No interventions
E06000049,North,No interventions
E06000050,North,No interventions
E06000051,Central,No interventions
E06000052,South and the Channel Islands,No interventions
E06000053,South and the Channel Islands,No interventions
E06000054,South and the Channel Islands,No interventions
E06000055,South East,Concern
E06000056,South East,No interventions
E06000057,North,No interventions
E07000004,South and the Channel Islands,No interventions
E07000005,South and the Channel Islands,No interventions
E07000006,South and the Channel Islands,No interventions
E07000007,South and the Channel Islands,No interventions
E07000008,Central,No interventions
E07000009,Central,No interventions
E07000010,Central,No interventions
E07000011,Central,No interventions
E07000012,Central,No interventions
E07000026,North,No interventions
E07000027,North,No interventions
E07000028,North,No interventions
E07000029,North,No interventions
E07000030,North,Concern
E07000031,North,No interventions
E07000032,Central,No interventions
E07000033,Central,No interventions
E07000034,Central,No interventions
E07000035,Central,No interventions
E07000036,Central,No interventions
E07000037,Central,No interventions
E07000038,Central,No interventions
E07000039,Central,No interventions
E07000040,South and the Channel Islands,No interventions
E07000041,South and the Channel Islands,No interventions
E07000042,South and the Channel Islands,No interventions
E07000043,South and the Channel Islands,No interventions
E07000044,South and the Channel Islands,No interventions
E07000045,South and the Channel Islands,No interventions
E07000046,South and the Channel Islands,No interventions
E07000047,South and the Channel Islands,No interventions
E06000059,South and the Channel Islands,No interventions
E07000061,South East,No interventions
E07000062,South East,No interventions
E07000063,South East,No interventions
E07000064,South East,No interventions
E07000065,South East,No interventions
E07000066,South East,No interventions
E07000067,South East,No interventions
E07000069,South East,No interventions
E07000068,South East,No interventions
E07000070,South East,No interventions
E07000071,South East,No interventions
E07000072,South East,No interventions
E07000073,South East,No interventions
E07000074,South East,No interventions
E07000075,South East,No interventions
E07000076,South East,No interventions
E07000077,South East,No interventions
E07000078,South and the Channel Islands,No interventions
E07000079,South and the Channel Islands,No interventions
E07000080,South and the Channel Islands,No interventions
E07000081,South and the Channel Islands,No interventions
E07000082,South and the Channel Islands,No interventions
E07000083,South and the Channel Islands,No interventions
E07000084,South East,No interventions
E07000085,South East,No interventions
E07000086,South East,No interventions
E07000087,South East,No interventions
E07000088,South East,No interventions
E07000089,South East,No interventions
E07000090,South East,No interventions
E07000091,South East,No interventions
E07000092,South East,No interventions
E07000093,South East,No interventions
E07000094,South East,No interventions
E07000095,South East,No interventions
E07000096,South East,No interventions
E07000098,South East,No interventions
E07000099,South East,No interventions
E07000102,South East,No interventions
E07000103,South East,No interventions
E07000105,South East,No interventions
E07000106,South East,No interventions
E07000107,South East,No interventions
E07000108,South East,No interventions
E07000109,South East,No interventions
E07000110,South East,No interventions
E07000111,South East,No interventions
E07000112,South East,No interventions
E07000113,South East,No interventions
E07000114,South East,No interventions
E07000115,South East,No interventions
E07000116,South East,No interventions
E07000117,North,Intervention
E07000118,North,No interventions
E07000119,North,No interventions
E07000120,North,Intervention
E07000121,North,No interventions
E07000122,North,Intervention
E07000123,North,Intervention
E07000124,North,No interventions
E07000125,North,Intervention
E07000126,North,No interventions
E07000127,North,No interventions
E07000128,North,No interventions
E07000129,Central,No interventions
E07000130,Central,No interventions
E07000131,Central,No interventions
E07000132,Central,No interventions
E07000133,Central,No interventions
E07000134,Central,No interventions
E07000135,Central,Concern
E07000136,Central,No interventions
E07000137,Central,No interventions
E07000138,Central,No interventions
E07000139,Central,No interventions
E07000140,Central,No interventions
E07000141,Central,No interventions
E07000142,Central,No interventions
E07000143,Central,No interventions
E07000144,Central,No interventions
E07000145,Central,No interventions
E07000146,Central,No interventions
E07000147,Central,No interventions
E07000148,Central,No interventions
E07000149,Central,No interventions
E07000150,Central,No interventions
E07000151,Central,No interventions
E07000152,Central,No interventions
E07000153,Central,No interventions
E07000154,Central,Concern
E07000155,Central,No interventions
E07000156,Central,No interventions
E07000164,North,No interventions
E07000163,North,No interventions
E07000165,North,No interventions
E07000166,North,No interventions
E07000168,North,No interventions
E07000167,North,No interventions
E07000169,North,No interventions
E07000170,Central,No interventions
E07000171,Central,No interventions
E07000172,Central,No interventions
E07000173,Central,No interventions
E07000174,Central,No interventions
E07000175,Central,No interventions
E07000176,Central,No interventions
E07000177,South and the Channel Islands,No interventions
E07000178,South and the Channel Islands,No interventions
E07000179,South and the Channel Islands,No interventions
E07000180,South and the Channel Islands,No interventions
E07000181,South and the Channel Islands,No interventions
E07000187,South and the Channel Islands,No interventions
E07000188,South and the Channel Islands,No interventions
E07000189,South and the Channel Islands,No interventions
E07000246,South and the Channel Islands,No interventions
E07000192,Central,No interventions
E07000193,Central,No interventions
E07000194,Central,No interventions
E07000195,Central,No interventions
E07000196,Central,No interventions
E07000197,Central,No interventions
E07000198,Central,No interventions
E07000199,Central,No interventions
E07000200,Central,No interventions
E07000245,Central,No interventions
E07000202,Central,No interventions
E07000203,Central,No interventions
E07000244,Central,No interventions
E07000207,South East,No interventions
E07000208,South East,No interventions
E07000209,South East,No interventions
E07000211,South East,No interventions
E07000210,South East,No interventions
E07000212,South East,No interventions
E07000213,South East,No interventions
E07000214,South East,No interventions
E07000215,South East,No interventions
E07000216,South East,No interventions
E07000217,South East,No interventions
E07000218,Central,No interventions
E07000219,Central,No interventions
E07000220,Central,No interventions
E07000221,Central,No interventions
E07000222,Central,No interventions
E07000223,South East,No interventions
E07000224,South East,No interventions
E07000225,South East,No interventions
E07000226,South East,No interventions
E07000227,South East,No interventions
E07000228,South East,No interventions
E07000229,South East,No interventions
E07000234,Central,No interventions
E07000235,Central,No interventions
E07000236,Central,No interventions
E07000237,Central,No interventions
E07000238,Central,No interventions
E07000239,Central,No interventions
E07000240,South East,No interventions
E07000241,South East,No interventions
E07000242,South East,No interventions
E07000243,South East,No interventions
E08000001,North,Intervention
E08000002,North,Intervention
E08000003,North,Intervention
E08000004,North,Intervention
E08000005,North,Intervention
E08000006,North,Intervention
E08000007,North,Intervention
E08000008,North,Intervention
E08000009,North,Intervention
E08000010,North,Intervention
E08000011,North,No interventions
E08000012,North,No interventions
E08000013,North,No interventions
E08000014,North,No interventions
E08000015,North,No interventions
E08000016,North,No interventions
E08000017,North,No interventions
E08000018,North,No interventions
E08000019,North,No interventions
E08000021,North,No interventions
E08000022,North,No interventions
E08000023,North,No interventions
E08000024,North,No interventions
E08000025,Central,No interventions
E08000026,Central,No interventions
E08000027,Central,No interventions
E08000028,Central,Concern
E08000029,Central,No interventions
E08000030,Central,No interventions
E08000031,Central,No interventions
E08000032,North,Intervention
E08000033,North,Intervention
E08000034,North,Intervention
E08000035,North,No interventions
E08000036,North,Concern
E08000037,North,No interventions
E09000002,London,No interventions
E09000001,London,No interventions
E09000003,London,No interventions
E09000004,London,No interventions
E09000005,London,No interventions
E09000006,London,No interventions
E09000007,London,No interventions
E09000008,London,No interventions
E09000009,London,No interventions
E09000010,London,No interventions
E09000011,London,No interventions
E09000012,London,No interventions
E09000013,London,No interventions
E09000014,London,No interventions
E09000015,London,No interventions
E09000016,London,No interventions
E09000017,London,No interventions
E09000018,London,No interventions
E09000019,London,No interventions
E09000020,London,No interventions
E09000021,London,No interventions
E09000022,London,No interventions
E09000023,London,No interventions
E09000024,London,No interventions
E09000025,London,No interventions
E09000026,London,No interventions
E09000027,London,No interventions
E09000028,London,No interventions
E09000029,London,No interventions
E09000030,London,No interventions
E09000031,London,No interventions
E09000032,London,No interventions
E09000033,London,No interventions
S12000005,Scotland,No interventions
S12000006,Scotland,No interventions
S12000008,Scotland,No interventions
S12000010,Scotland,No interventions
S12000011,Scotland,No interventions
S12000013,Scotland,No interventions
S12000014,Scotland,No interventions
S12000047,Scotland,No interventions
S12000017,Scotland,No interventions
S12000018,Scotland,No interventions
S12000019,Scotland,No interventions
S12000020,Scotland,No interventions
S12000021,Scotland,No interventions
S12000023,Scotland,No interventions
S12000048,Scotland,No interventions
S12000026,Scotland,No interventions
S12000027,Scotland,No interventions
S12000028,Scotland,No interventions
S12000029,Scotland,No interventions
S12000030,Scotland,No interventions
S12000033,Scotland,Intervention
S12000034,Scotland,No interventions
S12000035,Scotland,No interventions
S12000036,Scotland,No interventions
S12000038,Scotland,No interventions
S12000039,Scotland,No interventions
S12000040,Scotland,No interventions
S12000041,Scotland,No interventions
S12000042,Scotland,No interventions
S12000050,Scotland,No interventions
S12000045,Scotland,No interventions
S12000049,Scotland,No interventions
W06000001,Wales,No interventions
W06000002,Wales,No interventions
W06000003,Wales,No interventions
W06000004,Wales,No interventions
W06000005,Wales,No interventions
W06000006,Wales,No interventions
W06000008,Wales,No interventions
W06000009,Wales,No interventions
W06000010,Wales,No interventions
W06000011,Wales,No interventions
W06000012,Wales,No interventions
W06000013,Wales,No interventions
W06000014,Wales,No interventions
W06000015,Wales,No interventions
W06000016,Wales,No interventions
W06000018,Wales,No interventions
W06000019,Wales,No interventions
W06000020,Wales,No interventions
W06000021,Wales,No interventions
W06000022,Wales,No interventions
W06000023,Wales,No interventions
W06000024,Wales,No interventions
N09000001,Northern Ireland and the Isle of Man,No interventions
N09000002,Northern Ireland and the Isle of Man,No interventions
N09000003,Northern Ireland and the Isle of Man,No interventions
N09000004,Northern Ireland and the Isle of Man,No interventions
N09000005,Northern Ireland and the Isle of Man,No interventions
N09000006,Northern Ireland and the Isle of Man,No interventions
N09000007,Northern Ireland and the Isle of Man,No interventions
N09000008,Northern Ireland and the Isle of Man,No interventions
N09000009,Northern Ireland and the Isle of Man,No interventions
N09000010,Northern Ireland and the Isle of Man,No interventions
N09000011,Northern Ireland and the Isle of Man,No interventions
